code,name,market_cap
000001,平安银行,208807679810.47998
000002,万 科Ａ,39729262538.43
000006,深振业Ａ,13297451203.099998
000009,中国宝安,19137767620.3
000012,南 玻Ａ,13538986208.949999
000021,深科技,69236508068.4
000027,深圳能源,36584328454.04
000028,国药一致,13012491500.26
000029,深深房Ａ,25777096800.0
000031,大悦城,10715783347.5
000032,深桑达Ａ,21204878976.949997
000034,神州数码,26313222478.44
000035,中国天楹,14423717924.76
000039,中集集团,55758660780.9
000049,德赛电池,10139071756.24
000050,深天马Ａ,20022075423.78
000060,中金岭南,33530852057.9
000061,农 产 品,12783150115.12
000062,深圳华强,33385425558.239998
000063,中兴通讯,166562684765.34
000065,北方国际,14518026987.5
000066,中国长城,59225671255.68
000069,华侨城Ａ,15030607559.11
000070,特发信息,14945042652.29
000088,盐 田 港,23189695723.159996
000089,深圳机场,13863201880.84
000099,中信海直,12528687712.550001
000100,TCL科技,97348036251.96
000155,川能动力,25790971737.739998
000156,华数传媒,13137291013.78
000157,中联重科,62701880461.0
000158,常山北明,25338075027.85
000166,申万宏源,111427753292.0
000301,东方盛虹,80921482678.8
000333,美的集团,609115268841.09
000338,潍柴动力,298843989424.5
000400,许继电气,26871254928.620003
000401,金隅冀东,10553122422.95
000403,派林生物,11737407717.1
000408,藏格矿业,126752622975.66
000410,沈阳机床,14410957168.960001
000415,渤海租赁,26098679810.04
000420,吉林化纤,10917375442.919998
000422,湖北宜化,15302316897.84
000423,东阿阿胶,31702979045.52
000425,徐工机械,109616929802.64
000426,兴业银锡,73049654302.46
000429,粤高速Ａ,28539503619.9
000506,招金黄金,13823784283.68
000510,新金路,11673784602.0
000513,丽珠集团,27152201289.18
000519,中兵红箭,25288871113.12
000528,柳 工,18393773181.0
000534,万泽股份,16917010731.2
000536,华映科技,12253525317.289999
000537,绿发电力,20762750779.899998
000538,云南白药,88731379247.19
000539,粤电力Ａ,38537084457.240005
000543,皖能电力,20651124945.41
000547,航天发展,33887527302.8
000550,江铃汽车,14424305940.0
000552,甘肃能化,14021754592.599998
000553,安道麦A,14654516008.14
000555,神州信息,12811918357.810001
000559,万向钱潮,52250049077.439995
000563,陕国投Ａ,15290771370.42
000564,供销大集,31421030235.96
000567,海德股份,11825282537.750002
000568,泸州老窖,135389221756.74
000581,威孚高科,18832985299.64
000582,北部湾港,33854786256.0
000591,太阳能,23468143764.12
000592,平潭发展,16903082805.000002
000596,古井贡酒,49635540000.0
000598,兴蓉环境,20500139913.27
000599,青岛双星,11709072392.16
000600,建投能源,19835578136.0
000603,盛达资源,22244611715.04
000612,焦作万方,14425612667.400002
000617,中油资本,97849692071.46
000620,盈新发展,16558518412.800001
000623,吉林敖东,20688990195.1
000625,长安汽车,80294685307.2
000628,高新发展,19400059600.0
000629,钒钛股份,33168683806.65
000630,铜陵有色,86625185954.59999
000636,风华高科,51163124190.42
000651,格力电器,216270275660.01
000657,中钨高新,147721923252.0
000661,长春高新,30925744073.49
000672,上峰水泥,18273104232.5
000680,山推股份,16666584419.32
000681,视觉中国,13801375489.199999
000682,东方电子,19950017864.16
000683,博源化工,27355880281.600002
000685,中山公用,17450567282.33
000686,东北证券,18887455024.05
000688,国城矿业,50554988337.96
000690,宝新能源,12511355206.5
000697,炼石航空,16990394611.0
000700,模塑科技,13953833912.800001
000703,恒逸石化,50209040961.18
000708,中信特钢,71821063420.11
000709,河钢股份,22741666402.4
000719,中原传媒,13301648737.000002
000723,美锦能源,18186446921.72
000725,京东方Ａ,211893556526.08
000727,冠捷科技,13362222591.0
000728,国元证券,31506476373.02
000729,燕京啤酒,34808960861.35
000733,振华科技,27896889156.539997
000737,北方铜业,26704124418.7
000738,航发控制,26159009779.89
000739,普洛药业,19450267641.04
000750,国海证券,23884292543.98
000758,中色股份,13435469527.5
000761,本钢板材,10311683655.0
000762,西藏矿业,15827696703.6
000766,通化金马,22277702996.350002
000767,晋控电力,15846252427.85
000768,中航西飞,60450464334.899994
000776,广发证券,147654834792.57
000778,新兴铸管,16724629242.7
000783,长江证券,45567801091.520004
000785,居然智家,14633564712.9
000786,北新建材,37602394167.78
000791,甘肃能源,28545789729.6
000792,盐湖股份,166049546336.58
000799,酒鬼酒,13897212474.6
000800,一汽解放,29724537089.0
000801,四川九洲,13334180838.08
000807,云铝股份,103483848965.2
000810,创维数字,13549303920.62
000811,冰轮环境,33506056773.600002
000815,美利云,11485745338.2
000825,太钢不锈,22158403926.44
000828,东莞控股,10467936109.439999
000830,鲁西化工,25403615606.74
000831,中国稀土,52350022409.31
000833,粤桂股份,18977265348.86
000837,秦川机床,12328907335.85
000839,国安股份,11877073846.56
000858,五 粮 液,325628095539.45
000869,张 裕Ａ,11909191119.359999
000875,电投绿能,25173258144.44
000876,新 希 望,35797063134.15
000877,天山股份,31001743785.839996
000878,云南铜业,43119772231.200005
000880,潍柴重机,14945209624.8
000883,湖北能源,36388052418.200005
000887,中鼎股份,25908518220.96
000893,亚钾国际,43217874015.990005
000895,双汇发展,85507838736.84
000898,鞍钢股份,18925826941.16
000899,赣能股份,12488675328.0
000901,航天科技,15397305121.74
000902,新洋丰,16825983288.66
000905,厦门港务,14466848223.939999
000917,电广传媒,10943534929.36
000921,海信家电,33984493136.339996
000922,佳电股份,11325478058.720001
000923,河钢资源,10397972348.73
000927,中国铁物,16154444221.47
000932,华菱钢铁,27753067098.0
000933,神火股份,68842024653.39
000935,四川双马,24521703495.96
000937,冀中能源,18869140179.0
000938,紫光股份,80139438069.48
000949,新乡化纤,11747420446.98
000950,重药控股,10127162318.56
000951,中国重汽,24583963819.530003
000958,电投产融,102153996914.76001
000959,首钢股份,28305630900.500004
000960,锡业股份,64303480684.16
000962,东方钽业,33820745843.92
000963,华东医药,51542325962.72
000966,长源电力,18240623483.84
000967,盈峰环境,36059392328.9
000969,安泰科技,25590652510.92
000970,中科三环,14163205255.45
000973,佛塑科技,36947298592.98
000975,山金国际,66207955171.68
000977,浪潮信息,94746113780.6
000980,众泰汽车,13665304372.69
000981,山子高科,37290566412.24
000983,山西焦煤,37412095978.81
000987,越秀资本,40287573669.86
000988,华工科技,160759772795.16
000990,诚志股份,11775651714.15
000997,新 大 陆,23716622190.149998
000998,隆平高科,12769503650.09
000999,华润三九,40823264056.74
001203,大中矿业,59038927551.85
001208,华菱线缆,10322126485.44
001212,中旗新材,10861867677.199999
001213,中铁特货,16799999998.32
001221,悍高集团,20852521300.0
001227,兰州银行,12017921024.480001
001233,海安集团,10222954169.98
001237,C惠康,11645587255.0
001257,盛龙股份,52159362710.97
001267,汇绿生态,44573798770.06
001270,铖昌科技,31747878201.03
001280,中国铀业,151887272713.92
001286,陕西能源,45075000000.0
001287,中电港,20061362560.8
001289,龙源电力,149640709335.6
001301,尚太科技,24392843795.5
001308,康冠科技,15504090227.82
001309,德明利,150852362570.0
001330,博纳影业,12796771741.039999
001331,胜通能源,19694707200.0
001337,四川黄金,22029000000.0
001339,智微智能,25890062398.199997
001359,平安电工,18426029379.45
001365,天海电子,24984750000.0
001369,双欣材料,16264460000.0
001386,马可波罗,19524992800.0
001389,广合科技,86036207396.76001
001391,国货航,63364093557.74999
001393,维通利,18326000049.0
001696,宗申动力,17473110799.2
001872,招商港口,54701013957.399994
001896,豫能控股,24015798134.2
001914,招商积余,10052487445.32
001965,招商公路,68698410369.119995
001979,招商蛇口,75193708306.14
002001,新 和 成,94231108708.8
002003,伟星股份,10604895704.76
002007,华兰生物,24646828311.0
002008,大族激光,135197223504.48
002010,传化智联,15063968448.6
002011,盾安环境,13497944865.84
002015,协鑫能科,35226144123.8
002019,亿帆医药,12285539858.5
002020,京新药业,11589452224.4
002025,航天电器,31643106769.8
002027,分众传媒,79143254498.48
002028,思源电气,154784492823.24
002031,巨轮智能,14494017465.3
002032,苏 泊 尔,40024401726.24
002034,旺能环境,10812221224.58
002036,联创电子,10597132521.12
002043,兔 宝 宝,10753618060.8
002044,美年健康,21489254037.27
002046,国机精工,27672809974.94
002048,宁波华翔,23202382308.22
002049,紫光国微,72269384218.72
002050,三花智控,214692870963.7
002051,中工国际,13601698078.050001
002053,云南能投,10514730478.880001
002056,横店东磁,39886980054.48
002060,广东建工,12840024887.64
002062,宏润建设,10318839214.26
002063,远光软件,11720335298.039999
002064,华峰化学,52007460040.560005
002065,东华软件,24746323934.999996
002074,国轩高科,62191497731.12
002077,大港股份,10707430064.85
002078,太阳纸业,38676366046.96
002079,苏州固锝,12296030413.42
002080,中材科技,118727243568.0
002081,金 螳 螂,14498067341.94
002085,万丰奥威,26307656272.800003
002091,江苏国泰,14470391684.0
002092,中泰化学,11888189583.03
002096,易普力,12627687038.6
002115,三维通信,10259040349.8
002120,韵达股份,20062473175.92
002121,科陆电子,13504421152.800001
002126,银轮股份,45913826091.36
002128,电投能源,67381699199.58
002129,TCL中环,40148139625.89
002130,沃尔核材,30797521963.999996
002131,利欧股份,40156647708.79
002138,顺络电子,39187072004.4
002139,拓邦股份,13827400016.92
002142,宁波银行,202598165498.56
002145,钛能化学,16939691214.35
002149,西部材料,32026856374.4
002150,正泰电源,12800016442.41
002151,北斗星通,19979121598.4
002152,广电运通,27143375075.14
002153,石基信息,22652308880.3
002155,湖南黄金,38863138228.92
002156,通富微电,108538531146.23999
002157,正邦科技,29508018658.909996
002158,汉钟精机,17127214172.17
002167,东方锆业,10155966963.0
002169,智光电气,14198252265.16
002170,芭田股份,11285190352.409998
002171,楚江新材,18955914344.96
002174,游族网络,11385403436.539999
002176,江特电机,20527096739.43
002179,中航光电,81965620886.31
002180,奔图科技,23461002229.5
002181,粤 传 媒,17415872610.0
002182,宝武镁业,14985970365.830002
002183,怡 亚 通,16828618909.68
002185,华天科技,65829116652.0
002192,融捷股份,21509837016.52
002195,岩山科技,44570559910.56
002202,金风科技,99681412069.2
002203,海亮股份,43680855522.44
002204,大连重工,11781357195.2
002208,合肥城建,14780570849.599998
002216,三全食品,11552478390.72
002217,合力泰,19371643223.52
002221,东华能源,10623101149.58
002222,福晶科技,47142562500.0
002223,鱼跃医疗,27548066008.92
002226,江南化工,14065780360.05
002230,科大讯飞,120704512010.25
002236,大华股份,57898631330.54
002237,恒邦股份,19676392814.08
002240,盛新锂能,43696129449.28
002241,歌尔股份,100369349347.52
002243,力合科创,10350666072.449999
002244,滨江集团,31830070994.699997
002245,蔚蓝锂芯,38900029951.32
002246,北化股份,12430147736.16
002249,大洋电机,22241098500.28
002250,联化科技,13300126147.26
002251,步步高,12287357578.730001
002252,上海莱士,34384761455.66
002254,泰和新材,12375905722.52
002258,利尔化学,10005465350.0
002261,拓维信息,38492027715.7
002262,恩华药业,20864256414.82
002265,建设工业,21507901273.739998
002266,浙富控股,27766523858.64
002268,电科网安,12287092285.99
002270,华明装备,20837241270.75
002271,东方雨虹,32868510156.16
002272,川润股份,10196969619.0
002273,水晶光电,58476084893.049995
002276,万马股份,12466560249.18
002277,友阿股份,10358703904.0
002281,光迅科技,163513174930.4
002283,天润工业,13548145846.42
002287,奇正藏药,12065972901.27
002290,禾盛新材,23526011130.6
002292,奥飞娱乐,11193756706.29
002294,信立泰,37368650253.2
002297,博云新材,13576853162.11
002299,圣农发展,21195054843.05
002304,洋河股份,68106381795.53999
002309,中利集团,10647135462.9
002310,东方新能,16918088369.94
002311,海大集团,76395087838.62001
002312,川发龙蟒,17310293767.48
002315,焦点科技,11258700971.699999
002317,众生药业,19837377333.18
002318,久立特材,24624702144.0
002320,海峡股份,16969706721.330002
002324,普利特,14349137599.2
002326,永太科技,20075269701.2
002335,科华数据,31043387689.43
002338,奥普光电,14272800000.0
002340,格林美,41380136850.71
002342,巨力索具,11097600000.0
002348,高乐股份,12597760000.0
002352,顺丰控股,180058848513.57
002353,杰瑞股份,144834646136.18
002354,天娱数科,11697921747.4
002361,神剑股份,15054883559.27
002364,中恒电气,31993582779.199997
002366,融发核电,14296041586.800001
002371,北方华创,474598651978.32
002372,伟星新材,15140281265.88
002373,千方科技,13241977241.7
002378,章源钨业,33423439468.120003
002379,宏桥控股,282123709073.3
002380,科远智慧,10799624205.0
002384,东山精密,409126174422.84
002385,大北农,14276260835.800001
002387,维信诺,11886734325.929998
002389,航天彩虹,19314203171.81
002392,北京利尔,10023932864.380001
002396,星网锐捷,17911055460.600002
002399,海普瑞,14526232419.6
002400,省广集团,13946697024.0
002402,和而泰,27212104727.55
002405,四维图新,22189272899.039997
002407,多氟多,42605581644.51
002408,齐翔腾达,14953405764.82
002409,雅克科技,56354596351.979996
002410,广联达,16156015664.76
002413,雷科防务,14011398499.5
002414,高德红外,56416423986.67999
002415,海康威视,290068184557.5
002416,爱施德,14487204312.140001
002422,科伦药业,56759073501.439995
002423,中粮资本,20852155453.75
002426,胜利精密,11739059410.2
002428,云南锗业,53346841600.0
002429,兆驰股份,55862447090.38
002430,杭氧股份,25065551661.780003
002432,九安医疗,39386668699.74
002436,兴森科技,62921915302.259995
002439,启明星辰,17831811017.6
002440,闰土股份,10666759098.449999
002444,巨星科技,39847792151.520004
002456,欧菲光,31464953330.5
002458,益生股份,11964773806.04
002459,晶澳科技,30978913455.36
002460,赣锋锂业,153687699813.19998
002461,珠江啤酒,21137286984.0
002463,沪电股份,246876598161.72998
002465,海格通信,43804369182.200005
002466,天齐锂业,110468317338.08
002468,申通快递,23084496663.28
002471,中超控股,10224637200.0
002472,双环传动,36122215910.0
002475,立讯精密,522081713099.94
002484,江海股份,57495418411.600006
002487,大金重工,47646253863.79
002488,金固股份,10551654089.0
002491,通鼎互联,26125083180.0
002493,荣盛石化,115178269188.62
002497,雅化集团,27822859232.800003
002498,汉缆股份,29275804800.0
002500,山西证券,18846300621.75
002506,协鑫集成,20827126480.12
002507,涪陵榨菜,13385460724.800001
002508,老板电器,16423038360.08
002517,恺英网络,34695838120.16
002518,科士达,32604605264.0
002531,天顺风能,21364887243.62
002532,天山铝业,72208303674.0
002534,西子洁能,17997684360.809998
002536,飞龙股份,23543229972.48
002539,云图控股,15881567470.3
002541,鸿路钢构,12723938429.32
002544,普天科技,15414092608.5
002545,东方铁塔,29484271367.100002
002549,凯美特气,11153380332.039999
002552,宝鼎科技,19604898775.43
002555,三七互娱,43182879533.12
002557,洽洽食品,10719071772.759998
002558,巨人网络,50497931569.47
002563,森马服饰,14709732273.599998
002565,顺灏股份,15878634051.560001
002568,百润股份,19665855474.88
002579,中京电子,10132711974.8
002580,圣阳股份,10452602908.789999
002583,海能达,15603754288.98
002585,双星新材,12269218078.999998
002588,史丹利,10655000815.0
002594,比亚迪,868139552139.2999
002595,豪迈科技,61572800000.0
002597,金禾实业,12014282220.92
002600,领益智造,113423243513.6
002601,龙佰集团,35096131384.32
002602,世纪华通,109233512012.04
002603,以岭药业,27432982273.920002
002607,中公教育,15295150484.720001
002608,江苏国信,31018034369.839996
002611,东方精工,21935499846.800003
002617,露笑科技,19969959548.38
002624,完美世界,26984960499.64
002625,光启技术,89070662215.08
002635,安洁科技,11887555703.52
002636,金安国纪,35497280000.0
002639,雪人集团,11715486388.48
002643,万润股份,15293434358.25
002645,华宏科技,19436783149.2
002647,仁东控股,13009656972.070002
002648,卫星化学,80005335137.5
002653,海思科,56925430415.1
002654,万润科技,13879867772.48
002655,共达电声,14171915520.0
002668,TCL智家,10114759623.24
002670,国盛证券,22601788747.04
002673,西部证券,30527243045.15
002675,东诚药业,10398151840.050001
002681,奋达科技,10085945543.84
002683,广东宏大,25706911681.289997
002690,美亚光电,13762770840.0
002698,博实股份,13487587174.25
002701,奥瑞金,12747607135.62
002703,浙江世宝,16979132405.76
002705,新宝股份,10091615945.4
002706,良信股份,16644712796.400002
002709,天赐材料,108981510834.24
002714,牧原股份,217988303169.91998
002716,湖南白银,27242805433.899998
002718,友邦吊顶,11461310779.66
002730,电光科技,10764634832.4
002733,雄韬股份,12986464059.4
002736,国信证券,103748857197.8
002738,中矿资源,46615590172.96999
002739,儒意电影,19449481900.68
002741,光华科技,13927418184.499998
002745,木林森,16325830389.0
002747,埃斯顿,27514510018.79
002755,奥赛康,14748467977.390001
002756,永兴材料,34583363791.0
002759,天际股份,15156796149.15
002761,浙江建投,10069024950.4
002768,国恩股份,19255900000.0
002773,康弘药业,19559643853.420002
002779,中坚科技,13606824000.0
002782,可立克,14948355351.82
002785,万里石,10603535529.050001
002792,通宇通讯,23818824284.100002
002796,世嘉科技,12557779332.48
002797,第一创业,30215256000.0
002807,江阴银行,10854742199.49
002812,恩捷股份,70752781859.87999
002815,崇达技术,20696717703.48
002821,凯莱英,44084486335.2
002831,裕同科技,37050668375.0
002832,比音勒芬,11305707334.04
002837,英维克,93145159809.87999
002838,道恩股份,17016631159.14
002839,张家港行,10290692340.54
002841,视源股份,26692234500.75
002842,翔鹭钨业,10485876125.099998
002847,盐津铺子,15607174929.17
002850,科达利,52864985313.13999
002851,麦格米特,79019924649.12
002859,洁美科技,27421697459.12
002865,钧达股份,26659937353.8
002867,周大生,13383893100.69
002881,美格智能,15036963383.0
002885,京泉华,13033815330.48
002895,川恒股份,20673525787.96
002896,中大力德,16922567113.699999
002897,意华股份,15508516873.039999
002901,大博医疗,17028622281.78
002906,华阳集团,16524451410.68
002911,佛燃能源,14864113253.5
002913,奥士康,17327883518.399998
002916,深南电路,269776029949.75
002920,德赛西威,66866513299.76
002922,伊戈尔,19269781334.4
002925,盈趣科技,15657165085.37
002926,华西证券,21656250000.0
002929,润建股份,22104504766.04
002931,锋龙股份,13097241008.64
002936,郑州银行,16274843530.82
002938,鹏鼎控股,245504783104.56
002939,长城证券,34575039012.92
002943,宇晶股份,16655854716.0
002945,华林证券,41013000000.0
002946,新乳业,15492189546.0
002947,恒铭达,24514109268.48
002948,青岛银行,32302968718.2
002957,科瑞技术,23657612309.78
002958,青农商行,15889082612.26
002961,瑞达期货,10573614209.61
002966,苏州银行,36346482149.43
002967,广电计量,13848093356.96
002969,嘉美包装,21486576087.600002
002970,锐明技术,12168823129.199999
002975,博杰股份,25406518943.52
002978,安宁股份,12984443744.58
002979,雷赛智能,17748348018.45
002980,华盛昌,22296304555.199997
002984,森麒麟,16404421167.929998
002985,北摩高科,10430158648.0
002987,京北方,12460197618.539999
002990,盛视科技,13697485338.78
002993,奥海科技,18494680000.0
003018,金富科技,15264600000.0
003021,兆威机电,28383838441.0
003022,联泓新科,32053632000.0
003031,中瓷电子,66394980844.799995
003035,南网能源,26287878781.78
003036,泰坦股份,14030819096.06
003816,中国广核,227244524629.5
300001,特锐德,40458760539.29
300002,神州泰岳,16032467007.9
300003,乐普医疗,23171848680.12
300005,探路者,13423436205.34
300007,汉威科技,15560215814.88
300008,天海防务,11353151403.81
300009,安科生物,13816694855.16
300012,华测检测,24670261617.239998
300014,亿纬锂能,140677510602.55002
300015,爱尔眼科,85700395397.29999
300017,网宿科技,39381905781.06
300024,机器人,25785760576.5
300031,宝通科技,10305356163.95
300033,同花顺,179873433600.0
300034,钢研高纳,14990847000.03
300035,中科电气,11844172874.88
300037,新宙邦,56330265157.6
300042,朗科科技,12306564000.0
300045,华力创通,13352906005.4
300049,福瑞医科,12289582242.0
300053,航宇微,11700519883.17
300054,鼎龙股份,69588378223.2
300058,蓝色光标,56617788749.78999
300059,东方财富,309917178806.75
300065,海兰信,16097538659.6
300070,碧水源,12757216957.759998
300073,当升科技,31334986466.760002
300077,国民技术,16932823699.0
300083,创世纪,17597597565.73
300085,银之杰,26647414574.850002
300088,长信科技,19707117938.31
300100,双林股份,20271075393.600002
300101,振芯科技,10222302600.0
300102,乾照光电,23413293474.72
300113,顺网科技,15161945706.18
300115,长盈精密,49157694295.13
300118,东方日升,17522013074.31
300122,智飞生物,32986422713.660004
300124,汇川技术,211451491909.90002
300129,泰胜风能,11399011358.6
300130,新国都,13819406636.28
300131,英唐智控,20362249560.9
300133,华策影视,16427957534.7
300136,信维通信,108348336083.24
300137,先河环保,10302378432.0
300139,晓程科技,12793060000.0
300140,节能环境,18594402096.0
300142,沃森生物,21191368168.25
300144,宋城演艺,17637851884.8
300146,汤臣倍健,16426183971.01
300151,昌红科技,12354219518.4
300166,东方国信,19324515343.559998
300170,汉得信息,19302676469.46
300179,四方达,17456918044.2
300182,捷成股份,15503465178.24
300184,力源信息,17334543757.32
300185,通裕重工,11341682238.5
300191,潜能恒信,10432000000.0
300199,翰宇药业,21745401692.32
300201,海伦哲,20029515598.95
300204,舒泰神,11428319515.6
300207,欣旺达,44505370324.13999
300209,行云科技,23708080296.780003
300222,科大智能,12903902859.720001
300223,北京君正,77211341087.23
300224,正海磁材,11866430316.75
300229,拓尔思,15139850751.56
300236,上海新阳,30689514243.29
300244,迪安诊断,11005887867.960001
300251,光线传媒,39163405567.200005
300253,卫宁健康,17698231310.04
300255,常山药业,35843374242.0
300257,开山股份,29222805879.38
300260,新莱应材,23269453269.12
300263,隆华科技,13020379279.16
300274,阳光电源,381657491044.16
300276,三丰智能,12791522498.699999
300277,汽轮科技,24872318146.0
300285,国瓷材料,48785573270.07
300296,利亚德,19065199870.66
300302,同有科技,21854429188.8
300303,聚飞光电,13176291401.1
300304,云意电气,11793470132.74
300308,中际旭创,1237622225471.6
300315,掌趣科技,12346706173.68
300316,晶盛机电,70714825038.0
300319,麦捷科技,12941037763.92
300322,硕贝德,15250264771.95
300323,华灿光电,27461139645.239998
300327,中颖电子,10101143389.48
300328,宜安科技,13124952636.0
300331,苏大维格,13910108661.02
300337,银邦股份,10652435141.759998
300339,润和软件,34484589415.3
300342,天银机电,22794633110.190002
300346,南大光电,38856841086.659996
300347,泰格医药,34182734185.0
300353,东土科技,13158707653.4
300357,我武生物,11780640000.0
300364,中文在线,19239688116.38
300373,扬杰科技,59779123525.74
300376,易事特,12316392118.039999
300377,赢时胜,10491513027.6
300378,鼎捷数智,10088150484.5
300382,斯莱克,11133027896.980001
300383,光环新网,25831409211.39
300390,天华新能,77185055713.08
300393,中来股份,10711036929.14
300394,天孚通信,333956102344.41003
300395,菲利华,72804113616.2
300398,飞凯材料,21577981887.0
300408,三环集团,235710011659.29
300409,道氏技术,19462353950.64
300413,芒果超媒,33186587258.100002
300415,伊之密,11123663874.16
300418,昆仑万维,57495348447.399994
300428,立中集团,15089649981.529999
300432,富临精工,41188124229.78
300433,蓝思科技,212627682243.6
300436,广生堂,18597607590.0
300438,鹏辉能源,40816113062.4
300442,润泽科技,138053001611.31
300444,双杰电气,12045162747.3
300446,航天智造,14160619359.250002
300450,先导智能,82773507696.96
300454,深信服,47173720302.05
300455,航天智装,16616327718.400002
300456,赛微电子,32788504140.519997
300457,赢合科技,17806952212.8
300458,全志科技,37540437318.2
300459,汤姆猫,13852295099.66
300468,四方精创,13218473440.25
300469,信息发展,12367258211.68
300474,景嘉微,33039987278.06
300475,香农芯创,90490089336.23999
300476,胜宏科技,372770279570.89996
300480,光力科技,12524630558.0
300487,蓝晓科技,30481943342.920002
300489,光智科技,16236936187.8
300496,中科创达,33735247458.72
300498,温氏股份,90626491065.42
300499,高澜股份,12490771238.88
300502,新易盛,692148854240.0
300503,昊志机电,24593415175.149998
300520,科大国创,10945322554.64
300529,健帆生物,14478713635.75
300548,长芯博创,67341637258.88
300558,贝达药业,21024070134.71
300567,精测电子,58687913759.58
300568,星源材质,22944366394.949997
300570,太辰光,36785467379.32
300573,兴齐眼药,14360803894.66
300576,容大感光,16614769390.199999
300580,贝斯特,13226158323.460001
300593,新雷能,20978415796.230003
300595,欧普康视,10815092605.84
300596,利安隆,10440806258.49
300601,康泰生物,14363723156.46
300602,飞荣达,26084937611.73
300604,长川科技,139698978802.8
300607,拓斯达,15573149251.800001
300613,富瀚微,14520129180.48
300617,安靠智电,11024530885.92
300618,寒锐钴业,12564410981.87
300620,光库科技,64747072812.799995
300623,捷捷微电,30096330670.230003
300624,万兴科技,11849583297.96
300627,华测导航,22442172702.52
300628,亿联网络,47901020950.01
300634,彩讯股份,11839774016.0
300638,广和通,20737070362.64
300655,晶瑞电材,17972331082.5
300657,弘信电子,21083354499.579998
300660,江苏雷利,21015417756.0
300661,圣邦股份,74102352671.78
300666,江丰电子,48659813262.200005
300671,富满微,10847936540.000002
300672,国科微,76202960652.0
300674,宇信科技,12130903143.800001
300676,华大基因,15364786164.75
300677,英科医疗,29267470856.1
300679,电连技术,22451737000.0
300682,朗新科技,14750266031.279999
300684,中石科技,18863090864.54
300687,赛意信息,11623394420.6
300693,盛弘股份,17037988478.81
300699,光威复材,26603264000.0
300718,长盛轴承,24296710719.6
300720,海川智能,12325986442.0
300723,一品红,18767834427.3
300724,捷佳伟创,30437238404.34
300726,宏达电子,24792758668.999996
300731,科创新源,11558951069.12
300735,光弘科技,18933302255.4
300738,奥飞数据,22531307626.93
300739,明阳电路,13440651100.43
300747,锐科激光,20335536000.0
300748,金力永磁,45532005730.7
300750,宁德时代,1919076037729.6
300751,迈为股份,75205857426.8
300757,罗博特科,106097610344.11
300759,康龙化成,46501648624.67999
300760,迈瑞医疗,186715974676.0
300761,立华股份,16603056981.029999
300762,上海瀚讯,22719801630.96
300763,锦浪科技,47727553467.0
300765,新诺威,38331341441.759995
300768,迪普科技,10938655372.609999
300769,德方纳米,19136842449.0
300772,运达股份,12510878509.500002
300773,拉卡拉,19874855865.780003
300775,三角防务,14011829194.35
300776,帝尔激光,46855181610.0
300777,中简科技,16036133874.39
300779,惠城环保,18978338247.61
300782,卓胜微,67256227752.42
300790,宇瞳光学,12910846034.31
300803,指南针,59235186623.1
300806,斯迪克,35905932842.63
300811,铂科新材,35056759802.4
300814,中富电路,29863100592.0
300819,聚杰微纤,10523428650.0
300820,英杰电气,14157516609.6
300821,东岳硅材,19524000000.0
300827,上能电气,20402746370.35
300832,新产业,37400214166.0
300835,龙磁科技,20425911126.600002
300842,帝科股份,13839348318.18
300843,胜蓝股份,15293551286.88
300846,首都在线,12592516240.640001
300850,新强联,13461930495.849998
300855,图南股份,15089526725.000002
300857,协创数据,120393095100.8
300861,美畅股份,14095212431.2
300863,卡倍亿,14734167958.800001
300866,安克创新,66498268640.0
300868,杰美特,14586528000.0
300870,欧陆通,45465851523.0
300888,稳健医疗,17097203162.88
300893,松原安全,10585768333.079998
300896,爱美客,30924908634.199997
300900,广联航空,12148592781.380001
300903,科翔股份,32357929362.16
300905,宝丽迪,12253624391.2
300910,瑞丰新材,13562713790.74
300913,兆龙互连,17550393344.0
300919,中伟新材,57251004419.94
300938,信测标准,13708844392.4
300953,震裕科技,40746449457.28
300957,贝泰妮,15901944000.0
300959,线上线下,18242686922.0
300969,恒帅股份,18721386499.3
300972,万辰集团,37493377920.0
300975,商络电子,21503275405.199997
300976,达瑞电子,12318813281.759998
300979,华利集团,39969750000.0
300990,同飞股份,14827356694.0
300999,金龙鱼,146491403302.72
301005,超捷股份,20207624765.61
301013,利和兴,10263657588.96
301015,百洋医药,12283834679.49
301018,申菱环境,40644280042.42
301021,英诺激光,13831672261.679998
301029,怡合达,18525061217.52
301031,中熔电气,16641317860.449999
301035,润丰股份,19575352307.28
301039,中集车辆,14918030383.2
301050,雷电微力,10054118994.57
301061,匠心家居,12544779062.310001
301071,力量钻石,19036316972.82
301078,孩子王,11963537688.96
301086,鸿富瀚,20651400000.0
301087,可孚医疗,11436286560.0
301090,华润材料,10631171495.72
301093,华兰股份,20689404624.0
301095,广立微,20124243722.24
301109,军信股份,11410398175.32
301123,奕东电子,18653880000.0
301127,武汉天源,10003268800.28
301128,强瑞技术,18100774072.22
301150,中一科技,14800995815.82
301155,海力风电,14113054751.76
301165,锐捷网络,74101363594.02
301171,易点天下,23497612486.08
301177,迪阿股份,10543231647.0
301183,东田微,20023091317.5
301188,力诺药包,11734155933.9
301189,奥尼电子,11499970742.0
301191,菲菱科思,11143259400.0
301196,唯科科技,16974998814.02
301200,大族数控,148169345523.0
301205,联特科技,31657536000.0
301207,华兰疫苗,10908649125.0
301216,万凯新材,15021344265.33
301217,铜冠铜箔,84493264244.48
301219,腾远钴业,23427068797.18
301225,恒勃股份,10834224000.0
301232,飞沃科技,14673039460.25
301236,软通动力,37784408720.0
301238,瑞泰新材,16866665900.0
301246,宏源药业,12556213452.000002
301248,杰创智能,11847581399.999998
301263,泰恩康,10803381525.0
301267,华厦眼科,14624400000.0
301269,华大九天,69499660011.36
301275,汉朔科技,18175872000.0
301285,鸿日达,23560380000.0
301286,侨源股份,22549636000.0
301291,明阳电气,18758396731.29
301292,海科新源,15798448617.980001
301293,三博脑科,12513709460.25
301297,富乐德,33428578158.04
301301,川宁生物,20026163300.0
301306,西测测试,11307068000.0
301307,美利信,11705148000.0
301308,江波龙,233356220851.13
301312,智立方,16410278477.04
301316,慧博云通,19392000000.0
301317,鑫磊股份,10646478700.000002
301319,唯特偶,18088037768.04
301326,捷邦科技,12033459984.0
301338,凯格精机,22407840000.0
301345,涛涛车业,23706177544.69
301358,湖南裕能,74036837387.06
301362,民爆光电,25132313700.0
301363,美好医疗,14938557186.8
301369,联动科技,20604786690.6
301371,敷尔佳,15556310640.0
301373,凌玮科技,12864789992.6
301377,鼎泰高科,142793201132.72
301382,蜂助手,13123039842.85
301387,光大同创,10928778745.52
301389,隆扬电子,23303700000.0
301392,汇成真空,18205000000.0
301396,宏景科技,39454009579.0
301413,安培龙,12578725742.550001
301421,波长光电,12534573760.0
301458,钧崴电子,12157334853.0
301486,致尚科技,35811920908.5
301487,盟固利,11973008209.9
301488,豪恩汽电,13681320000.0
301489,思泉新材,20154550125.86
301498,乖宝宠物,17865093392.399998
301500,飞南资源,14503981197.43
301510,固高科技,14572364300.0
301511,德福科技,66372906600.0
301522,上大股份,10572169342.81
301526,国际复材,81375548275.84
301529,福赛科技,14900080502.88
301531,春光集团,16783232509.2
301536,星宸科技,37321798032.0
301550,斯菱智驱,41856149500.0
301551,无线传媒,10304257600.0
301563,云汉芯城,13674380790.0
301566,达利凯普,13176329400.0
301571,国科天成,11303832204.0
301589,诺瓦星云,15459154560.0
301599,理奇智能,25662936000.0
301600,慧翰股份,10679165995.0
301603,乔锋智能,15037035200.0
301606,绿联科技,29441999833.760002
301611,珂玛科技,42510000000.0
301626,苏州天脉,38526067200.0
301629,矽电股份,15021818640.0
301630,同宇新材,10860000000.0
301631,壹连科技,11914062211.4
301638,南网数字,84006359076.6
301656,联合动力,44681015107.8
301658,首航新能,16136082512.55
301662,宏工科技,12327200000.0
301665,泰禾股份,10719000000.0
301666,大普微,319820748661.2
301667,纳百川,11366848584.0
301678,新恒汇,15080016647.650002
301680,固德电材,10056060000.0
301682,宏明电子,19665470630.82
301696,三瑞智能,53657341400.0
302132,中航成飞,164868037899.2
600000,浦发银行,314074055169.0
600004,白云机场,21236495487.52
600006,东风股份,12340000000.0
600007,中国国贸,21314098419.440002
600008,首创环保,22535613378.39
600009,上海机场,63203151216.0
600010,包钢股份,107637958416.23999
600011,华能国际,121032299797.89
600012,皖通高速,28072164736.27
600015,华夏银行,106311722166.23999
600016,民生银行,152800640571.97998
600018,上港集团,117331000940.16
600019,宝钢股份,131345971036.46999
600021,上海电力,58089227517.55
600022,山东钢铁,14122481411.28
600023,浙能电力,80452396494.0
600025,华能水电,179231126752.34
600026,中远海能,110943983031.7
600027,华电国际,61426285433.36
600028,中国石化,584070233692.26
600029,南方航空,99121694412.99998
600030,中信证券,381925491783.33
600031,三一重工,169831731951.38998
600032,浙江新能,22724181811.8
600036,招商银行,933134287237.0
600037,歌华有线,10354827456.960001
600038,中直股份,22924214235.48
600039,四川路桥,76434241769.55
600048,保利发展,67872414180.06
600050,中国联通,136938182932.26
600056,中国医药,14854085897.64
600057,厦门象屿,17895712835.7
600058,五矿发展,10976365680.64
600060,海信视像,34490416673.22
600061,国投资本,41369087129.62
600062,华润双鹤,17500115310.35
600063,皖维高新,13076752757.679998
600064,南京高科,12752603176.279999
600066,宇通客车,72307255023.18001
600072,中船科技,17347510636.04
600085,同仁堂,34698197628.6
600089,特变电工,131675774400.26
600094,大名城,10369277200.7
600095,湘财股份,24817749609.24
600096,云天化,57004920158.369995
600098,广州发展,26504339256.36
600100,同方股份,26668369795.48
600104,上汽集团,139322763348.48
600105,永鼎股份,70906747897.0
600109,国金证券,32088460120.600002
600110,诺德股份,18149992548.72
600111,北方稀土,175475295970.68
600113,浙江东日,15617230552.8
600114,东睦股份,24415599055.59
600115,中国东航,95198145047.7
600116,三峡水利,12811357456.8
600118,中国卫星,96964109070.0
600120,浙江东方,16974446015.24
600126,杭钢股份,26443390519.89
600131,国网信通,20491871252.4
600132,重庆啤酒,24692210521.96
600141,兴发集团,39645397882.43
600143,金发科技,48638888476.88
600150,中国船舶,286124121369.76
600151,航天机电,19620571286.16
600153,建发股份,26994703909.809998
600155,华创云信,12727869242.750002
600157,永泰能源,38399264895.2
600158,中体产业,10257194686.23
600160,巨化股份,95031062051.2
600161,天坛生物,25982660800.44
600163,中闽能源,12845223965.25
600166,福田汽车,23752201101.0
600167,联美控股,14821605032.65
600170,上海建工,22125989962.559998
600171,上海贝岭,21395305284.54
600172,黄河旋风,19137787996.52
600176,XD中国巨,158243994857.84
600177,雅戈尔,34768283103.04
600179,安通控股,18661033977.39
600183,生益科技,320060749744.8
600184,光电股份,14725523116.359999
600185,珠免集团,10254431524.800001
600186,莲花控股,21280116288.67
600188,兖矿能源,212279420223.0
600196,复星医药,62274411859.0
600198,大唐电信,10715621107.02
600201,生物股份,13707850694.579998
600206,有研新材,23813545229.16
600208,衢州发展,25101375360.0
600210,紫江企业,10025626004.380001
600211,西藏药业,12515654380.679998
600216,浙江医药,12308963200.0
600219,南山铝业,61322966325.06
600221,海航控股,63526979826.450005
600226,亨通股份,19720147515.120003
600233,圆通速递,63320083903.0
600236,桂冠电力,88676750272.5
600246,万通发展,29688848633.28
600248,陕建股份,12041947620.920002
600256,广汇能源,39246898198.96
600258,首旅酒店,14917817763.36
600259,中稀有色,28062119253.1
600267,海正药业,12335252706.84
600268,国电南自,13602509717.42
600271,航天信息,14007807863.28
600276,XD恒瑞医,334315757653.38
600282,南钢股份,30023993223.57
600285,羚锐制药,12255365652.46
600292,电投水电,64170020844.65
600295,鄂尔多斯,37531589566.14
600298,安琪酵母,31268587616.13
600299,安迪苏,34185549752.699997
600301,华锡有色,36043694953.42
600309,XD万华化,234910590815.03998
600312,平高电气,28712454898.44
600315,上海家化,12100067640.0
600316,洪都航空,20918230315.04
600320,振华重工,25498830944.84
600323,瀚蓝环境,25014850439.280003
600326,西藏天路,10940589316.69
600328,中盐化工,10190851254.35
600329,达仁堂,30765269522.199997
600330,天通股份,38495488123.36
600331,宏达股份,39782496000.0
600332,白云山,35035794950.950005
600338,西藏珠峰,17205435361.760002
600339,中油工程,19652679097.92
600343,航天动力,17914452188.36
600345,长江通信,16164178953.279999
600346,恒力石化,124240111222.90001
600348,华阳股份,32756100000.0
600350,山东高速,57192972859.75
600352,浙江龙盛,37022916566.8
600353,旭光电子,20521364296.84
600360,华微电子,10716895592.640001
600361,创新新材,17132922770.67
600362,江西铜业,152775621348.6
600363,联创光电,17404294170.0
600366,宁波韵升,14100696684.330002
600367,红星发展,10302153240.4
600369,西南证券,26912691952.2
600372,中航机载,54969865716.8
600373,中文传媒,10253399851.59
600376,首开股份,12123956637.4
600377,宁沪高速,63677128400.0
600378,昊华科技,51599984800.00001
600380,健康元,18422595597.02
600383,金地集团,11873354794.36
600388,龙净环保,24346787436.81
600389,江山股份,10701652500.0
600390,五矿资本,21590714203.2
600391,航发科技,12445877135.900002
600392,盛和资源,39526239153.5
600395,盘江股份,11634706925.48
600396,华电辽能,27348165591.69
600397,江钨装备,13542651185.76
600398,海澜之家,27327762984.239998
600403,大有能源,11977970134.02
600406,国电南瑞,205372004908.92
600409,三友化工,13604062862.32
600410,华胜天成,21304891690.690002
600415,小商品城,72218475006.42
600416,湘电股份,18388248504.64
600418,江淮汽车,88138367424.5
600420,国药现代,12164436316.44
600426,华鲁恒升,63714064323.72
600428,中远海特,21045869429.649998
600435,北方导航,18329775917.88
600436,片仔癀,74859599416.8
600438,通威股份,69015518074.86
600446,金证股份,12914189811.88
600452,涪陵电力,20666485246.300003
600456,宝钛股份,15198103515.59
600458,时代新材,11355192944.0
600459,贵研铂业,16836037533.55
600460,士兰微,59207676245.100006
600461,洪城环境,13136911644.78
600475,华光环能,15113818175.49
600478,科力远,10159799587.6
600480,凌云股份,13762279747.06
600481,双良节能,12694716606.300001
600482,中国动力,85059238800.00002
600483,福能股份,30581515800.0
600486,扬农化工,23705206283.08
600487,亨通光电,169416484133.33
600489,中金黄金,113814899002.72
600490,鹏欣资源,17061359379.09
600497,驰宏锌锗,48488460246.46
600498,烽火通信,68247915970.5
600499,科达制造,30839130767.28
600500,中化国际,19376854036.2
600507,方大特钢,11080169993.1
600509,天富能源,13524070484.88
600511,国药股份,20220680346.4
600515,海南机场,36103978342.32
600516,方大炭素,20975305617.280003
600517,国网英大,31222659162.24
600518,康美药业,21158211935.7
600519,贵州茅台,1631708090145.0
600521,华海药业,23701501312.88
600522,中天科技,133275683910.6
600528,中铁工业,16594990362.36
600529,山东药玻,12462673042.14
600531,豫光金铅,16385509557.9
600535,天士力,21064695070.5
600536,中国软件,34522090010.48
600545,卓郎智能,13159033953.92
600546,山煤国际,26862280697.0
600547,山东黄金,137836892797.5
600548,深高速,22536162407.760002
600549,厦门钨业,81855925188.56
600550,保变电气,24455498214.4
600552,凯盛科技,17919192779.18
600559,老白干酒,11946601618.64
600562,国睿科技,30201982668.8
600563,法拉电子,38333250000.0
600566,济川药业,25778893412.199997
600570,恒生电子,47966102370.86
600572,康恩贝,10630001889.289999
600575,淮河能源,29097176210.2
600577,精达股份,30545561027.4
600578,京能电力,64937823845.49999
600580,卧龙电驱,69389259838.62
600582,天地科技,22431151794.64
600583,海油工程,25024868168.0
600584,长电科技,154175959351.19998
600585,海螺水泥,104449253832.09
600588,用友网络,35195073312.7
600589,大位科技,16123515005.4
600590,泰豪科技,12323967887.5
600595,中孚实业,29177549229.92
600596,新安股份,16964434905.93
600598,北大荒,25616367488.69
600600,青岛啤酒,82670224332.6
600601,方正科技,55729607246.479996
600602,云赛智联,26067856052.3
600606,绿地控股,19535363456.46
600611,大众交通,12222515206.88
600612,老凤祥,19025793076.68
600618,氯碱化工,12246275745.84
600619,海立股份,17420379709.379997
600621,华鑫股份,14237268498.64
600623,华谊集团,18596002012.8
600629,华建集团,17262324743.61
600633,浙数文化,15724123452.8
600635,大众公用,17153645461.75
600637,东方明珠,34862901102.29
600639,浦东金桥,10932301577.82
600641,先导基电,25366537996.800003
600642,申能股份,48206681853.6
600648,外高桥,12959963437.54
600651,飞乐音响,16370892937.95
600655,豫园股份,18133031064.78
600660,福耀玻璃,137663971313.0
600662,外服控股,10252723613.75
600663,陆家嘴,35497833436.95
600666,奥瑞德,12711686960.28
600667,太极实业,29114267117.76
600673,东阳光,118365800470.47
600674,川投能源,73314086693.12
600675,中华企业,14208418027.85
600683,京投发展,12104305934.98
600685,中船防务,40482822665.92
600686,金龙汽车,10088857157.19
600688,上海石化,28992198125.0
600690,海尔智家,189053013744.0
600699,均胜电子,46864286413.86
600702,XD舍得酒,14684649330.269999
600703,三安光电,82867601055.47
600704,物产中大,25597340455.5
600707,彩虹股份,42809489502.76
600710,苏美达,15027618491.0
600711,盛屯矿业,38509019925.46
600717,天津港,12675724546.439999
600720,中交设计,13698735523.05
600724,宁波富达,10073330264.87
600726,华电能源,66184404077.700005
600728,佳都科技,10684322297.61
600732,爱旭股份,26550314034.420002
600733,北汽蓝谷,40558770737.939995
600737,中粮糖业,27976134822.24
600739,辽宁成大,16689134092.560001
600741,华域汽车,53028817410.880005
600744,华银电力,17467668756.4
600750,华润江中,15248362803.11
600754,锦江酒店,21603206475.44
600755,厦门国贸,12526459628.42
600760,XD中航沈,121001842393.52
600761,安徽合力,15800889580.14
600763,通策医疗,16683884064.1
600764,中国海防,14880579342.84
600765,中航重机,22200666387.9
600773,西藏城投,17052436620.8
600775,南京熊猫,10171022827.77
600776,东方通信,19066080971.52
600779,水井坊,16545858540.119999
600783,鲁信创投,15996281228.060001
600787,中储股份,10177673239.58
600795,国电电力,88464670646.72
600801,华新建材,39417757505.04
600803,新奥股份,60058231075.799995
600808,马钢股份,23487077617.3
600809,山西汾酒,156887398949.2
600816,建元信托,31010012000.1
600820,隧道股份,17669820048.28
600821,金开新能,15836965871.65
600827,百联股份,14255503254.83
600835,上海机电,23880962841.8
600839,四川长虹,34898806318.32
600845,宝信软件,59798322445.66
600848,上海临港,22475359205.64
600850,电科数字,15474521357.75
600859,王府井,12352006349.76
600862,中航高科,25437076693.82
600863,华能蒙电,52574121947.600006
600864,哈投股份,11609583501.599998
600867,通化东宝,16216734624.119999
600869,远东股份,46983697632.82
600871,石化油服,44169916790.89001
600872,中炬高新,15071938654.08
600873,梅花生物,27481568169.999996
600875,东方电气,124673889752.3
600877,电科芯片,18518690454.879997
600879,航天电子,68064545260.420006
600884,杉杉股份,33448769272.81
600885,宏发股份,55109833485.93
600886,国投电力,110301930930.36
600887,伊利股份,168381100955.54
600888,新疆众和,18217698181.77
600893,航发动力,117579361838.18
600895,张江高科,57208591977.0
600900,长江电力,666514250583.84
600901,江苏金租,36836270501.16
600903,贵州燃气,11097590787.2
600905,三峡能源,116637612579.36002
600906,财达证券,21871300000.0
600908,无锡银行,11939068420.800001
600909,华安证券,38384958883.92
600916,中国黄金,13406400000.0
600918,中泰证券,44342709577.6
600919,江苏银行,204617267762.45
600925,苏能股份,31482222222.73
600926,杭州银行,115766570691.56
600927,永安期货,20465111117.36
600928,西安银行,15466666668.6
600930,华电新能,256542857141.09998
600933,爱柯迪,17460759519.75
600938,中国海油,1620296131314.6
600941,中国移动,2114481937639.0999
600956,新天绿能,38448144981.96
600958,东方证券,80208331556.48
600959,江苏有线,18102598023.32
600961,株冶集团,28645701170.100002
600967,内蒙一机,21595774324.230003
600968,海油发展,40050510544.06
600970,中材国际,23019517472.72
600977,中国电影,27127510000.0
600985,淮北矿业,38998386106.32
600986,浙文互联,12940154339.4
600988,XD赤峰黄,67920695501.72
600989,宝丰能源,183113999200.00003
600993,马应龙,10267703683.619999
600995,南网储能,45670922953.45
600996,贵广网络,11732386626.14
600998,九州通,23901308909.16
600999,招商证券,154711211878.74
601000,XD唐山港,25955567329.32
601001,晋控煤业,28938273000.0
601003,柳钢股份,10220780471.48
601005,重庆钢铁,11418775259.43
601006,大秦铁路,104160908791.71999
601009,南京银行,132290169521.5
601012,隆基绿能,108821028679.04
601016,节能风电,32198589371.28
601018,宁波港,66923096092.560005
601019,山东出版,14879597000.0
601020,华钰矿业,21064893091.620003
601021,春秋航空,47214370993.98
601022,宁波远洋,10704620672.12
601026,道生天合,12093396000.0
601033,永兴股份,12906000000.0
601038,一拖股份,14641097933.25
601058,赛轮轮胎,42778184369.590004
601059,信达证券,56006610000.0
601061,中信金属,67375000000.0
601066,中信建投,184066367532.81
601068,中铝国际,16552612919.18
601069,西部黄金,26054574917.8
601077,渝农商行,75296910000.0
601083,锦江航运,14869438799.999998
601088,中国神华,999882921414.4
601096,宏盛华源,13670042499.68
601098,中南传媒,19720080000.0
601099,太平洋,23311801985.399998
601100,恒立液压,148187536035.84
601101,昊华能源,15436777766.720001
601106,中国一重,25853841634.789997
601107,四川成渝,19235197400.0
601108,财通证券,36871487247.78
601111,中国国航,119696168060.0
601112,振石股份,32927731663.640003
601117,中国化学,47693062725.21999
601118,海南橡胶,26703629453.28
601126,XD四方股,68989466455.0
601127,赛力斯,147406777977.32
601128,常熟银行,23315146123.91
601133,柏诚股份,15428698349.28
601136,首创证券,40945340324.0
601137,博威合金,19564954738.8
601138,工业富联,1390673987262.7
601139,深圳燃气,18526225576.879997
601155,新城控股,28736635185.440002
601156,东航物流,25813653340.56
601158,重庆水务,20496108261.579998
601162,天风证券,34251549795.6
601163,三角轮胎,11608000000.0
601166,兴业银行,380931431274.00006
601168,西部矿业,76708770000.0
601169,北京银行,106983500416.32
601179,中国西电,84987129396.16
601186,中国铁建,85007929790.0
601187,厦门银行,18896155678.079998
601198,东兴证券,43444067788.8
601200,上海环境,10204425302.58
601208,东材科技,52782058771.74999
601211,国泰海通,268312251117.38
601212,白银有色,47094365889.96
601216,君正集团,43877690428.0
601222,林洋能源,13165870006.2
601225,陕西煤业,239078700000.0
601228,广州港,23161711247.57
601229,上海银行,127739070597.36
601231,环旭电子,103758833537.54001
601233,桐昆股份,47960670038.4
601236,红塔证券,33253353581.1
601238,广汽集团,63119837921.0
601288,农业银行,2208392943738.6
601298,青岛港,56991858000.0
601311,骆驼股份,10441000450.199999
601318,中国平安,964594089073.6499
601319,中国人保,305145535022.7
601326,秦港股份,18326711360.0
601328,交通银行,582317338029.57
601330,绿色动力,12760815399.12
601333,广深铁路,21250611000.0
601336,新华保险,183179776352.0
601339,百隆东方,11081814910.0
601360,三六零,73425362150.71
601369,陕鼓动力,15063167060.08
601375,中原证券,18432252259.0
601377,兴业证券,50606885542.84
601390,中国中铁,116765829724.17001
601398,工商银行,2537612550473.6997
601399,国机重装,27772190176.5
601456,国联民生,51125335254.0
601512,中新集团,12965398500.0
601519,大智慧,20766830400.0
601555,东吴证券,39352126469.04
601567,三星电气,23635622108.0
601568,北元化工,14776666673.28
601577,长沙银行,37440665449.740005
601598,中国外运,43544669947.89
601600,中国铝业,203114860511.68
601601,中国太保,313911741676.65
601606,长城军工,25427659123.999996
601607,上海医药,60780050049.51
601608,中信重工,26698796537.71
601609,金田股份,22385864599.350002
601611,中国核建,36105733859.76
601615,明阳智能,40096336597.38
601618,中国中冶,58233369867.700005
601619,嘉泽新能,15525282603.35
601628,中国人寿,945737029300.0001
601633,长城汽车,147623298313.5
601636,旗滨集团,20680989558.72
601658,邮储银行,599274316925.08
601665,齐鲁银行,37169208851.0
601666,平煤股份,19137570341.25
601668,中国建筑,195445446800.12
601669,中国电建,90954121283.51999
601677,明泰铝业,24248710726.5
601678,滨化股份,11518283145.6
601688,华泰证券,166906711403.13998
601689,拓普集团,117217009871.0
601696,中银证券,32308140000.0
601698,中国卫通,132941408915.64
601699,潞安环能,45469419840.0
601702,华峰铝业,18452845488.0
601717,中创智领,33511956686.100002
601727,上海电气,130692422958.76
601728,中国电信,545382546646.04
601766,中国中车,165592445787.76
601777,千里科技,51676173811.53
601778,晶科科技,23302776818.749996
601788,光大证券,66810312889.11
601799,星宇股份,39926555599.44
601800,中国交建,102204765733.0
601801,皖新传媒,10866518365.35
601808,中海油服,62841866640.0
601811,新华文轩,15891872080.000002
601816,京沪高铁,238757315325.59998
601818,光大银行,182574352778.49
601825,沪农商行,80724000004.65
601827,三峰环境,13542659730.0
601828,美凯龙,10448850895.2
601838,成都银行,77902441843.28
601857,中国石油,1976626560434.4001
601858,中国科传,20157750000.0
601865,福莱特,28091135120.73
601866,中远海发,33258092666.4
601868,中国能建,128296531404.7
601869,长飞光纤,303096060038.8
601872,招商轮船,131534232197.58
601877,正泰电器,64082254864.32
601878,浙商证券,43268116204.939995
601880,辽港股份,37714827540.799995
601881,中国银河,136789372222.56
601882,海天精工,11771100000.0
601886,江河集团,10457609013.800001
601888,中国中免,116834505292.12
601898,中煤能源,204713762896.0
601899,紫金矿业,840798396347.64
601900,南方传媒,10398427408.26
601901,方正证券,57624709765.0
601916,浙商银行,81295322450.48
601918,新集能源,23418497872.0
601919,中远海控,219584398863.24
601921,浙版传媒,16000000005.6
601928,凤凰传媒,22547814000.0
601929,吉视传媒,10329772977.28
601933,永辉超市,34031388723.749996
601939,建设银行,2673555898511.0
601952,苏垦农发,12043720000.0
601958,金钼股份,78761413404.0
601963,重庆银行,41152269139.75
601965,中国汽研,15768022823.640001
601966,玲珑轮胎,17708382464.3
601969,海南矿业,19680285699.88
601975,XD招商南,23401723390.0
601985,中国核电,179352978085.28
601988,中国银行,1884942609111.9001
601990,南京证券,30049457839.850002
601991,大唐发电,142686737985.84
601992,金隅集团,16870878391.720001
601995,中金公司,164512914061.44
601997,贵阳银行,21535006667.64
601998,中信银行,416225813734.72
603000,人民网,19526504048.96
603002,宏昌电子,18780340109.04
603005,晶方科技,28049905075.059998
603009,北特科技,19269665408.45
603011,合锻智能,10179993257.83
603014,威高血净,14487711008.880001
603019,中科曙光,133128905186.16
603025,大豪科技,18045141131.68
603026,石大胜华,21154849182.739998
603027,千禾味业,10158415639.44
603031,安孚科技,19724112322.0
603033,三维股份,10847840588.08
603039,泛微网络,11287280266.740002
603040,新坐标,12010847965.92
603049,中策橡胶,41197016521.78
603052,可川科技,17264002270.16
603057,紫燕食品,10959200000.0
603061,金海通,25665000000.0
603063,禾望电气,28882038091.5
603067,振华股份,28347313158.08
603075,热威股份,10673852103.72
603077,和邦生物,22167562552.280003
603078,江化微,12402093895.68
603083,剑桥科技,66474595310.5
603087,甘李药业,31764678251.42
603092,德力佳,27476006869.0
603093,南华期货,15100931748.72
603099,长白山,10518383313.2
603103,横店影视,13882638000.0
603112,华翔股份,11738760857.74
603115,海星股份,27352966432.0
603118,共进股份,10155865637.4
603119,浙江荣泰,34982180432.64
603124,江南新材,19822804515.99
603125,常青科技,10185683195.0
603127,昭衍新药,27605988424.8
603129,春风动力,36604104147.87
603132,金徽股份,16792260000.0
603156,养元饮品,55414404577.02
603160,汇顶科技,30981471202.5
603162,海通发展,16313764915.8
603163,圣晖集成,11238000000.0
603169,兰石重装,10515648973.9
603171,税友股份,19931222250.0
603175,超颖电子,39874555248.04
603179,新泉股份,40402217630.5
603185,弘元绿能,13060428454.24
603186,华正新材,20155421088.9
603194,中力股份,13938760000.0
603195,公牛集团,78445194853.82
603196,璞源材料,10860752193.6
603198,迎驾贡酒,29448000000.0
603202,天有为,10441600000.0
603203,快克智能,18298597705.44
603218,日月股份,12415612062.5
603220,中贝通信,13231678541.07
603225,新凤鸣,29507115590.2
603226,菲林格尔,18378924509.0
603228,景旺电子,81201464019.85
603233,大参林,18859323989.52
603235,天新药业,10800032600.0
603236,移远通信,22680485417.2
603248,锡华科技,12525800000.0
603256,宏和科技,162753193184.4
603259,药明康德,306222996817.65
603260,合盛硅业,47406498334.100006
603262,技源集团,11008275200.0
603267,鸿远电子,14717542011.480001
603268,松发股份,134210100389.75
603281,江瀚新材,13436266690.66
603283,赛腾股份,17900197918.33
603288,海天味业,209787924242.4
603290,斯达半导,32328917910.000004
603296,华勤技术,115541133529.92
603297,永新光学,15484544586.0
603298,杭叉集团,34500449370.659996
603300,海南华铁,11468801885.75
603301,振德医疗,22738214308.25
603303,得邦照明,12438714516.0
603305,旭升集团,18953620318.4
603306,华懋科技,37707447396.24
603308,应流股份,46630211395.95
603317,天味食品,15938780466.179998
603319,美湖股份,11269943799.94
603327,福蓉科技,10726413033.6
603328,依顿电子,12540439194.16
603337,杰克科技,20676267389.4
603338,浙江鼎力,26826310629.420002
603341,龙旗科技,19048428973.8
603345,安井食品,32682312671.920002
603355,莱克电气,15521850239.06
603358,华达科技,17098647966.400002
603360,百傲化学,17260106103.76
603369,今世缘,37179577103.340004
603376,大明电子,11924029810.0
603379,三美股份,36811885931.1
603392,万泰生物,43254877824.84
603393,新天然气,11649358065.96
603406,天富龙,11928298200.0
603407,长裕集团,23978984830.49
603435,C嘉德,33634022305.0
603444,吉比特,24609240101.600002
603456,九洲药业,11313753476.160002
603459,红板科技,78397910687.88
603486,科沃斯,37242088284.8
603501,豪威集团,132375611512.32
603505,金石资源,16547208863.580002
603515,欧普照明,14611468277.34
603516,淳中科技,23619774019.8
603529,爱玛科技,18312541920.2
603530,神马电力,24377227950.25
603533,掌阅科技,11345483184.75
603538,美诺华,11280759698.08
603556,海兴电力,13172896365.3
603565,中谷物流,22092663843.56
603568,伟明环保,31480105453.420002
603583,捷昌驱动,10257649693.45
603588,高能环境,19192754158.2
603589,口子窖,13218440331.2
603596,伯特利,31031395648.22
603599,广信股份,10204119357.45
603601,再升科技,24434673369.69
603605,珀莱雅,23390304623.73
603606,东方电缆,36959668347.28
603612,索通发展,10624568110.470001
603613,国联股份,17653176418.5
603618,杭电股份,24751247052.8
603619,中曼石油,11655552601.81
603626,科森科技,14132785704.300001
603629,利通电子,56157465599.99999
603638,艾迪精密,20320121404.5
603650,彤程新材,34426716363.6
603658,安图生物,18874160087.04
603659,璞泰来,66826563097.28001
603662,柯力传感,18534771288.0
603663,三祥新材,27146212967.500004
603667,五洲新春,29905007512.1
603678,火炬电子,20454120799.31
603688,石英股份,37050794967.6
603690,至纯科技,10700021145.0
603693,江苏新能,16884553167.2
603698,航天工程,18588133200.0
603699,纽威股份,45315285446.549995
603707,健友股份,13119086282.4
603712,七一二,11796160000.0
603728,鸣志电器,27876630375.0
603730,岱美股份,28898481135.100002
603733,仙鹤股份,16836758527.68
603737,三棵树,27018875861.260002
603738,泰晶科技,17739248007.239998
603766,隆鑫通用,28708515063.0
603773,沃格光电,22471415933.670002
603778,国晟科技,12494597331.6
603786,科博达,21210553884.0
603799,华友钴业,106406412581.7
603800,洪田股份,12690080000.0
603806,XD福斯特,47870471098.649994
603816,顾家家居,24043885961.13
603823,百合花,11137836081.999998
603826,坤彩科技,21490560000.0
603833,欧派家居,23811785571.030003
603858,步长制药,15881800736.519999
603859,能科科技,10871918855.43
603868,飞科电器,16335000000.0
603871,嘉友国际,16840186579.98
603876,鼎胜新材,25545555685.370003
603881,数据港,26069901293.71
603882,金域医学,12169794884.250002
603885,吉祥航空,25574701688.28
603888,新华网,12550129924.8
603890,春秋电子,10030848602.45
603893,瑞芯微,85003019686.0
603897,长城科技,10301140481.9
603899,晨光股份,20961285780.52
603906,龙蟠科技,20303087460.96
603915,国茂股份,11467542181.599998
603919,金徽酒,11073485734.51
603920,世运电路,49576751409.600006
603927,中科软,12756464000.0
603929,亚翔集成,35082784800.0
603931,格林达,11576381623.800001
603936,博敏电子,15565793856.480001
603938,三孚股份,16299803572.199999
603939,益丰药房,25448115027.69
603950,长源东谷,22410403512.0
603979,金诚信,45492925060.44
603985,恒润股份,10452743251.13
603986,兆易创新,360492858255.18
603989,艾华集团,13929380509.800001
603991,至正股份,16408658339.499998
603992,松霖科技,13096316199.199999
603993,XD洛阳钼,413338072600.32
603997,继峰股份,17926211933.760002
605006,山东玻纤,11656079595.300001
605020,永和股份,17311646522.47
605060,联德股份,12748970080.0
605090,九丰能源,27347196222.32
605099,共创草坪,16765762761.3
605111,新洁能,28533347352.9
605117,德业股份,155827767542.4
605118,力鼎光电,15336071850.0
605123,派克新材,13349397171.64
605133,嵘泰股份,10861163128.32
605168,三人行,11721424421.6
605196,华通线缆,21394405218.469997
605198,安德利,17945895600.0
605222,起帆电缆,13068390299.55
605255,天普股份,12734918400.0
605289,罗曼股份,18183541075.0
605296,神农集团,14320820967.220001
605298,必得科技,10106330000.0
605318,法狮龙,12288755196.720001
605358,立昂微,37932846265.0
605376,博迁新材,43388976000.0
605389,DR长龄液,16236307395.880001
605488,福莱新材,11374917377.279999
605499,东鹏饮料,102127124021.0
605507,国邦医药,12355587585.0
605589,圣泉集团,38146729604.86
605598,上海港湾,11847069438.750002
605599,菜百股份,12413333688.0
688001,华兴源创,36470884973.46
688002,睿创微纳,60825133092.799995
688003,天准科技,20384220450.0
688005,容百科技,23378670123.7
688006,杭可科技,19842703636.24
688008,澜起科技,324494105575.5
688009,中国通号,50937029390.0
688012,中微公司,286154065651.55
688016,心脉医疗,12787212017.58
688017,绿的谐波,58848970125.0
688018,乐鑫科技,30316824289.44
688019,安集科技,54752246620.479996
688020,方邦股份,12678019320.0
688025,杰普特,40110856506.0
688027,国盾量子,60126369524.54
688028,沃尔德,18448986780.0
688029,南微医学,15255089140.62
688031,星环科技,13847046557.960001
688032,禾迈股份,12325465960.3
688035,德邦科技,11706352000.0
688036,传音控股,70855408744.75
688037,芯源微,52523910608.0
688041,海光信息,736327063847.89
688047,龙芯中科,61601620000.0
688048,长光华芯,63520714660.62
688052,纳芯微,42769962879.0
688055,龙腾光电,18800000376.0
688059,华锐精密,14866032666.24
688062,迈威生物,14344506722.0
688063,XD派能科,17754195257.64
688065,凯赛生物,30121061797.440002
688072,拓荆科技,188556239004.00003
688082,盛美上海,116305802049.0
688083,中望软件,10110916261.6
688088,虹软科技,17242303792.0
688090,瑞松科技,10934988919.039999
688091,上海谊众,12716407932.800001
688097,博众精工,25673313532.2
688099,晶晨股份,48248732625.28001
688100,威胜信息,19033133124.25
688102,斯瑞新材,28833178363.56
688106,金宏气体,13957484030.16
688107,安路科技,18390968957.96
688110,东芯股份,65452964184.0
688111,金山办公,109596774058.92
688112,鼎阳科技,11213276999.580002
688114,华大智造,21862932975.95
688116,天奈科技,16420635884.8
688120,华海清科,99722788422.18001
688122,西部超导,45612944334.37
688123,聚辰股份,22470412282.289997
688125,安达智能,14813130831.72
688126,沪硅产业,92772006641.51
688127,蓝特光学,36271018472.0
688128,中国电研,10411830000.0
688131,皓元医药,16578048327.359999
688138,清溢光电,10485988000.0
688139,海尔生物,10767089206.439999
688141,杰华特,44014434063.659996
688143,长盈通,19189627306.02
688146,中船特气,82058823575.0
688147,微导纳米,36984930065.799995
688150,莱特光电,22238700947.1
688153,唯捷创芯,13782925646.240002
688155,先惠技术,11157977706.0
688158,优刻得,18429110262.68
688160,步科股份,11256835289.58
688161,威高骨科,10832000000.0
688165,埃夫特,10586916200.000002
688166,博瑞医药,23851059857.43
688167,炬光科技,40706364372.0
688169,石头科技,30315445055.999996
688172,燕东微,93009319019.54999
688180,君实生物,35266797068.85
688182,灿勤科技,14440000000.0
688183,生益电子,110881762627.5
688185,康希诺,14918975142.39
688187,时代电气,83395850006.56
688188,柏楚电子,47334335534.4
688190,云路股份,14376000000.0
688191,智洋创新,12457075413.9
688192,迪哲医药,25314325121.64
688195,腾景科技,42252177500.0
688198,佰仁医疗,12046074230.849998
688200,华峰测控,55488574228.299995
688205,德科立,38089607129.6
688206,概伦电子,17790587526.25
688208,道通科技,24220441014.120003
688209,英集芯,10979074280.19
688213,思特威,43557754529.25
688220,翱捷科技,47268000457.0
688222,成都先导,12681522000.0
688223,晶科能源,62746102193.71001
688226,威腾电气,10193878080.0
688231,隆达股份,12839040007.43
688233,神工股份,15283236748.64
688234,天岳先进,80926450662.56
688235,百济神州,368984906073.04
688239,航宇科技,12448246222.6
688248,南网科技,32622719000.0
688249,晶合集成,86326442971.0
688256,寒武纪,841912578460.0
688257,新锐股份,25495782989.039997
688258,卓易信息,15978661060.3
688260,昀冢科技,10172400000.0
688261,东微半导,11458308663.000002
688262,国芯科技,13268636564.37
688266,泽璟制药,26677290985.079998
688268,华特气体,19635869071.82
688271,联影医疗,100473100317.08
688275,万润新能,17375340647.51
688278,特宝生物,22654516140.0
688279,峰岹科技,26630491267.2
688281,华秦科技,21655740128.75
688295,中复神鹰,45225000000.0
688297,中无人机,29538000000.0
688300,联瑞新材,35469409319.1
688301,奕瑞科技,40600373756.67
688303,大全能源,41788607503.52
688306,均普智能,12417939108.0
688308,欧科亿,23055104001.600002
688312,燕麦科技,13006282622.400002
688313,仕佳光子,70057880840.0
688318,财富趋势,30816294871.04
688319,欧林生物,15473737446.0
688321,微芯生物,12154308915.279999
688322,奥比中光,45128727000.0
688326,经纬恒润,10713126547.2
688327,云从科技,15038182569.599998
688331,荣昌生物,63610967559.270004
688332,中科蓝讯,17373762606.24
688333,铂力特,27928740534.94
688336,三生国健,38284277995.82
688337,普源精电,12338167897.880001
688343,云天励飞,26704146998.800003
688347,华虹公司,374650984937.73
688349,三一重能,26159201905.95
688351,微电生理,12179128000.0
688352,颀中科技,21259986709.440002
688353,华盛锂电,14227400000.0
688359,三孚新科,13651654822.75
688361,中科飞测,82179810091.53
688362,甬矽电子,28286899734.809998
688363,华熙生物,17581255833.0
688368,晶丰明源,34607239587.5
688371,菲沃泰,12637243650.519999
688372,伟测科技,28016698387.000004
688375,国博电子,59303482550.0
688376,美埃科技,10123608008.4
688378,奥来德,12723562731.880001
688380,中微半导,18741085650.0
688381,帝奥微,11112750000.0
688382,益方生物,11341413908.51
688383,新益昌,15290682995.0
688385,复旦微电,56498903357.5
688387,信科移动,59793937500.0
688388,嘉元科技,20190905634.9
688390,固德威,36119045446.2
688392,骄成超声,17688686742.4
688396,华润微,87635340666.40001
688400,凌云光,31130806459.2
688401,路维光电,15902930163.749998
688403,汇成股份,20007041672.489998
688409,富创精密,48626270434.8
688411,海博思创,50468832185.96
688416,恒烁股份,10628048419.560001
688425,铁建重工,23680726680.0
688428,诺诚健华,43586705614.4
688432,有研硅,24368383212.42
688433,华曙高科,41499573843.42
688439,振华风光,10750000000.0
688443,智翔金泰,10908730000.0
688449,联芸科技,35944400000.0
688469,芯联集成,71504321577.16
688472,阿特斯,50275333545.6
688475,萤石网络,23617125000.0
688478,晶升股份,10078586432.64
688484,南芯科技,19522823710.5
688486,龙迅股份,10882726453.3
688498,源杰科技,139938423748.0
688502,茂莱光学,24982848000.0
688503,聚和材料,24566414764.5
688506,百利天恒,97318487405.06999
688507,索辰科技,16663342608.0
688508,芯朋微,11940342598.82
688515,裕太微,15920000000.0
688516,奥特维,22672237137.899998
688518,联赢激光,10478680416.5
688519,南亚新材,50780967732.6
688520,神州细胞,18488896917.34
688521,芯原股份,132767310668.85
688523,航天环宇,25141115200.0
688525,佰维存储,149250528702.9
688531,日联科技,28276821023.64
688535,华海诚科,17917822550.67
688536,思瑞浦,43760262827.19
688538,和辉光电,35490254696.25
688543,国科军工,11274963380.67
688545,兴福电子,27410400000.0
688548,广钢气体,39370851866.64
688549,中巨芯,21597775120.0
688552,航天南湖,11044872000.0
688556,高测股份,10509290265.1
688559,海目星,16817883906.72
688561,奇安信,19853554297.5
688563,航材股份,23985000000.0
688567,孚能科技,16926138807.25
688568,中科星图,41252428457.6
688578,艾力斯,40540500000.0
688582,芯动联科,20998900457.120003
688583,思看科技,10166000000.0
688584,上海合晶,17961203247.68
688585,上纬新材,79462260416.0
688586,江航装备,10508983991.68
688593,新相微,18440915303.559998
688596,XD正帆科,12130000339.560001
688599,天合光能,38066724897.5
688603,天承科技,20845209696.12
688605,先锋精科,14346707991.839998
688608,恒玄科技,30859144943.55
688610,埃科光电,12376000000.0
688611,杭州柯林,13177700536.0
688612,威迈斯,14860218074.099998
688615,合合信息,25546640000.0
688617,惠泰医疗,30852889156.25
688625,呈和科技,20348078755.55
688627,精智达,36316524376.28
688628,优利德,10282618096.0
688629,华丰科技,66622683936.12
688630,芯碁微装,37282622628.0
688635,N长进,61821263300.0
688652,京仪装备,24346560000.0
688660,电气风电,14066667370.0
688661,XD和林微,16168459077.699999
688663,新风光,13571658378.000002
688668,鼎通科技,40040299225.0
688676,金盘科技,47702627765.0
688677,海泰新光,17110044210.0
688686,奥普特,18763142342.5
688690,纳微科技,16746198304.550001
688691,灿芯股份,13920000000.0
688692,达梦数据,28308867599.999996
688697,纽威数控,10015601022.0
688698,伟创电气,16242188318.86
688700,东威科技,26002694510.4
688702,盛科通信,115521600000.0
688708,佳驰科技,20876521900.0
688709,成都华微,24824297073.48
688712,北芯生命,18573180000.0
688717,艾罗能源,17643200000.0
688726,拉普拉斯,25588242311.570004
688727,恒坤新材,24730550784.0
688728,格科微,39580929071.74
688729,屹唐股份,76312559200.0
688757,胜科纳米,16757592243.300001
688759,必贝特,16502844212.189999
688765,禾元生物,19072625000.0
688766,普冉股份,61514401881.0
688772,珠海冠宇,19190547682.8
688775,影石创新,70427630000.0
688777,中控技术,66056413609.229996
688778,厦钨新能,33445878070.41
688779,五矿新能,17555898360.0
688781,视涯科技,54650000000.0
688783,西安奕材,135710458000.0
688785,恒运昌,25746951946.399998
688790,昂瑞微,14341520923.919998
688795,摩尔线程,316799018258.0
688796,百奥赛图,50293948186.799995
688798,艾为电子,18184033608.0
688800,瑞可达,25972555023.8
688802,沐曦股份,278069500000.0
688807,优迅股份,38560000000.0
688808,联讯仪器,181439720589.09
688809,强一股份,60374633800.0
688811,有研复材,15426463353.75
688813,泰金新能,26700800000.0
688818,电科蓝天,129904537733.1
688819,天能股份,24195569000.0
688820,盛合晶微,394647320190.42
688981,中芯国际,1171685714621.8
920045,蘅东光,37544862299.4
920068,天工股份,11532004263.85
920116,星图测控,14181629000.0
920125,鸿仕达,11849760000.0
920178,锐翔智能,12330419651.0
920185,贝特瑞,29900261755.46
920186,中科仪,22883071193.0
920438,戈碧迦,10839342250.0
920808,曙光数创,15268000076.34
920982,锦波生物,17990465909.0
