code,name,mktcap_raw,market_cap_yuan
601939,建设银行,267355589.8511,2673555898511.0
601398,工商银行,253761255.04737,2537612550473.6997
601288,农业银行,220839294.37386,2208392943738.6
600941,中国移动,211448193.76391,2114481937639.0999
601857,中国石油,197662656.04344,1976626560434.4001
300750,宁德时代,191907603.77296,1919076037729.6
601988,中国银行,188494260.91119,1884942609111.9001
600519,贵州茅台,163170809.0145,1631708090145.0
600938,中国海油,162029613.13146,1620296131314.6
601138,工业富联,139067398.72627,1390673987262.7
300308,中际旭创,123762222.54716,1237622225471.6
688981,中芯国际,117168571.46218,1171685714621.8
601088,中国神华,99988292.14144,999882921414.4
601318,中国平安,96459408.907365,964594089073.6499
601628,中国人寿,94573702.93,945737029300.0001
600036,招商银行,93313428.7237,933134287237.0
002594,比亚迪,86813955.21393,868139552139.2999
688256,寒武纪,84191257.846,841912578460.0
601899,紫金矿业,84079839.634764,840798396347.64
688041,海光信息,73632706.384789,736327063847.89
300502,新易盛,69214885.424,692148854240.0
600900,长江电力,66651425.058384,666514250583.84
000333,美的集团,60911526.884109,609115268841.09
601658,邮储银行,59927431.692508,599274316925.08
600028,中国石化,58407023.369226,584070233692.26
601328,交通银行,58231733.802957,582317338029.57
601728,中国电信,54538254.664604,545382546646.04
002475,立讯精密,52208171.309994,522081713099.94
002371,北方华创,47459865.197832,474598651978.32
601998,中信银行,41622581.373472,416225813734.72
603993,XD洛阳钼,41333807.260032,413338072600.32
002384,东山精密,40912617.442284,409126174422.84
688820,盛合晶微,39464732.019042,394647320190.42
600030,中信证券,38192549.178333,381925491783.33
300274,阳光电源,38165749.104416,381657491044.16
601166,兴业银行,38093143.1274,380931431274.00006
688347,华虹公司,37465098.493773,374650984937.73
300476,胜宏科技,37277027.95709,372770279570.89996
688235,百济神州,36898490.607304,368984906073.04
603986,兆易创新,36049285.825518,360492858255.18
600276,XD恒瑞医,33431575.765338,334315757653.38
300394,天孚通信,33395610.234441,333956102344.41003
000858,五 粮 液,32562809.553945,325628095539.45
688008,澜起科技,32449410.55755,324494105575.5
600183,生益科技,32006074.97448,320060749744.8
301666,大普微,31982074.86612,319820748661.2
688795,摩尔线程,31679901.8258,316799018258.0
600000,浦发银行,31407405.5169,314074055169.0
601601,中国太保,31391174.167665,313911741676.65
300059,东方财富,30991717.880675,309917178806.75
603259,药明康德,30622299.681765,306222996817.65
601319,中国人保,30514553.50227,305145535022.7
601869,长飞光纤,30309606.00388,303096060038.8
000338,潍柴动力,29884398.94245,298843989424.5
002415,海康威视,29006818.45575,290068184557.5
688012,中微公司,28615406.565155,286154065651.55
600150,中国船舶,28612412.136976,286124121369.76
002379,宏桥控股,28212370.90733,282123709073.3
688802,沐曦股份,27806950.0,278069500000.0
002916,深南电路,26977602.994975,269776029949.75
601211,国泰海通,26831225.111738,268312251117.38
600930,华电新能,25654285.71411,256542857141.09998
002463,沪电股份,24687659.816173,246876598161.72998
002938,鹏鼎控股,24550478.310456,245504783104.56
601225,陕西煤业,23907870.0,239078700000.0
601816,京沪高铁,23875731.53256,238757315325.59998
300408,三环集团,23571001.165929,235710011659.29
600309,XD万华化,23491059.081504,234910590815.03998
301308,江波龙,23335622.085113,233356220851.13
003816,中国广核,22724452.46295,227244524629.5
601919,中远海控,21958439.886324,219584398863.24
002714,牧原股份,21798830.316992,217988303169.91998
000651,格力电器,21627027.566001,216270275660.01
002050,三花智控,21469287.09637,214692870963.7
300433,蓝思科技,21262768.22436,212627682243.6
600188,兖矿能源,21227942.0223,212279420223.0
000725,京东方Ａ,21189355.652608,211893556526.08
300124,汇川技术,21145149.19099,211451491909.90002
603288,海天味业,20978792.42424,209787924242.4
000001,平安银行,20880767.981048,208807679810.47998
600406,国电南瑞,20537200.490892,205372004908.92
601898,中煤能源,20471376.2896,204713762896.0
600919,江苏银行,20461726.776245,204617267762.45
601600,中国铝业,20311486.051168,203114860511.68
002142,宁波银行,20259816.549856,202598165498.56
601668,中国建筑,19544544.680012,195445446800.12
600690,海尔智家,18905301.3744,189053013744.0
688072,拓荆科技,18855623.9004,188556239004.00003
300760,迈瑞医疗,18671597.4676,186715974676.0
601066,中信建投,18406636.753281,184066367532.81
601336,新华保险,18317977.6352,183179776352.0
600989,宝丰能源,18311399.92,183113999200.00003
601818,光大银行,18257435.277849,182574352778.49
688808,联讯仪器,18143972.058909,181439720589.09
002352,顺丰控股,18005884.851357,180058848513.57
300033,同花顺,17987343.36,179873433600.0
601985,中国核电,17935297.808528,179352978085.28
600025,华能水电,17923112.675234,179231126752.34
600111,北方稀土,17547529.597068,175475295970.68
600031,三一重工,16983173.195139,169831731951.38998
600487,亨通光电,16941648.413333,169416484133.33
600887,伊利股份,16838110.095554,168381100955.54
601688,华泰证券,16690671.140314,166906711403.13998
000063,中兴通讯,16656268.476534,166562684765.34
000792,盐湖股份,16604954.633658,166049546336.58
601766,中国中车,16559244.578776,165592445787.76
302132,中航成飞,16486803.78992,164868037899.2
601995,中金公司,16451291.406144,164512914061.44
002281,光迅科技,16351317.49304,163513174930.4
603256,宏和科技,16275319.31844,162753193184.4
000988,华工科技,16075977.279516,160759772795.16
600176,XD中国巨,15824399.485784,158243994857.84
600809,山西汾酒,15688739.89492,156887398949.2
605117,德业股份,15582776.75424,155827767542.4
002028,思源电气,15478449.282324,154784492823.24
600999,招商证券,15471121.187874,154711211878.74
600584,长电科技,15417595.93512,154175959351.19998
002460,赣锋锂业,15368769.98132,153687699813.19998
600016,民生银行,15280064.057198,152800640571.97998
600362,江西铜业,15277562.13486,152775621348.6
001280,中国铀业,15188727.271392,151887272713.92
001309,德明利,15085236.257,150852362570.0
001289,龙源电力,14964070.93356,149640709335.6
688525,佰维存储,14925052.87029,149250528702.9
601100,恒立液压,14818753.603584,148187536035.84
301200,大族数控,14816934.5523,148169345523.0
000657,中钨高新,14772192.3252,147721923252.0
000776,广发证券,14765483.479257,147654834792.57
601633,长城汽车,14762329.83135,147623298313.5
601127,赛力斯,14740677.797732,147406777977.32
300999,金龙鱼,14649140.330272,146491403302.72
002353,杰瑞股份,14483464.613618,144834646136.18
301377,鼎泰高科,14279320.113272,142793201132.72
601991,大唐发电,14268673.798584,142686737985.84
300014,亿纬锂能,14067751.060255,140677510602.55002
688498,源杰科技,13993842.3748,139938423748.0
300604,长川科技,13969897.88028,139698978802.8
600104,上汽集团,13932276.334848,139322763348.48
300442,润泽科技,13805300.161131,138053001611.31
600547,山东黄金,13783689.27975,137836892797.5
600660,福耀玻璃,13766397.1313,137663971313.0
600050,中国联通,13693818.293226,136938182932.26
601881,中国银河,13678937.222256,136789372222.56
688783,西安奕材,13571045.8,135710458000.0
000568,泸州老窖,13538922.175674,135389221756.74
002008,大族激光,13519722.350448,135197223504.48
603268,松发股份,13421010.038975,134210100389.75
600522,中天科技,13327568.39106,133275683910.6
603019,中科曙光,13312890.518616,133128905186.16
601698,中国卫通,13294140.891564,132941408915.64
688521,芯原股份,13276731.066885,132767310668.85
603501,豪威集团,13237561.151232,132375611512.32
601009,南京银行,13229016.95215,132290169521.5
600089,特变电工,13167577.440026,131675774400.26
601872,招商轮船,13153423.219758,131534232197.58
600019,宝钢股份,13134597.103647,131345971036.46999
601727,上海电气,13069242.295876,130692422958.76
688818,电科蓝天,12990453.77331,129904537733.1
601868,中国能建,12829653.14047,128296531404.7
601229,上海银行,12773907.059736,127739070597.36
000408,藏格矿业,12675262.297566,126752622975.66
600875,东方电气,12467388.97523,124673889752.3
600346,恒力石化,12424011.12229,124240111222.90001
600011,华能国际,12103229.979789,121032299797.89
600760,XD中航沈,12100184.239352,121001842393.52
002230,科大讯飞,12070451.201025,120704512010.25
300857,协创数据,12039309.51008,120393095100.8
601111,中国国航,11969616.806,119696168060.0
002080,中材科技,11872724.3568,118727243568.0
600673,东阳光,11836580.047047,118365800470.47
600893,航发动力,11757936.183818,117579361838.18
600018,上港集团,11733100.094016,117331000940.16
601689,拓普集团,11721700.9871,117217009871.0
601888,中国中免,11683450.529212,116834505292.12
601390,中国中铁,11676582.972417,116765829724.17001
600905,三峡能源,11663761.257936,116637612579.36002
688082,盛美上海,11630580.2049,116305802049.0
600926,杭州银行,11576657.069156,115766570691.56
603296,华勤技术,11554113.352992,115541133529.92
688702,盛科通信,11552160.0,115521600000.0
002493,荣盛石化,11517826.918862,115178269188.62
600489,中金黄金,11381489.900272,113814899002.72
002600,领益智造,11342324.35136,113423243513.6
000166,申万宏源,11142775.3292,111427753292.0
600026,中远海能,11094398.30317,110943983031.7
688183,生益电子,11088176.26275,110881762627.5
002466,天齐锂业,11046831.733808,110468317338.08
600886,国投电力,11030193.093036,110301930930.36
000425,徐工机械,10961692.980264,109616929802.64
688111,金山办公,10959677.405892,109596774058.92
002602,世纪华通,10923351.201204,109233512012.04
002709,天赐材料,10898151.083424,108981510834.24
601012,隆基绿能,10882102.867904,108821028679.04
002156,通富微电,10853853.114624,108538531146.23999
300136,信维通信,10834833.608324,108348336083.24
600010,包钢股份,10763795.841624,107637958416.23999
601169,北京银行,10698350.041632,106983500416.32
603799,华友钴业,10640641.25817,106406412581.7
600015,华夏银行,10631172.216624,106311722166.23999
300757,罗博特科,10609761.034411,106097610344.11
600585,海螺水泥,10444925.383209,104449253832.09
601006,大秦铁路,10416090.879172,104160908791.71999
601231,环旭电子,10375883.353754,103758833537.54001
002736,国信证券,10374885.71978,103748857197.8
000807,云铝股份,10348384.89652,103483848965.2
601800,中国交建,10220476.5733,102204765733.0
000958,电投产融,10215399.691476,102153996914.76001
605499,东鹏饮料,10212712.4021,102127124021.0
688271,联影医疗,10047310.031708,100473100317.08
002241,歌尔股份,10036934.934752,100369349347.52
688120,华海清科,9972278.842218,99722788422.18001
002202,金风科技,9968141.20692,99681412069.2
600029,南方航空,9912169.4413,99121694412.99998
000617,中油资本,9784969.207146,97849692071.46
000100,TCL科技,9734803.625196,97348036251.96
688506,百利天恒,9731848.740507,97318487405.06999
600118,中国卫星,9696410.907,96964109070.0
600115,中国东航,9519814.50477,95198145047.7
600160,巨化股份,9503106.20512,95031062051.2
000977,浪潮信息,9474611.37806,94746113780.6
002001,新 和 成,9423110.87088,94231108708.8
002837,英维克,9314515.980988,93145159809.87999
688172,燕东微,9300931.901955,93009319019.54999
688126,沪硅产业,9277200.664151,92772006641.51
601669,中国电建,9095412.128352,90954121283.51999
300498,温氏股份,9062649.106542,90626491065.42
300475,香农芯创,9049008.933624,90490089336.23999
002625,光启技术,8907066.221508,89070662215.08
000538,云南白药,8873137.924719,88731379247.19
600236,桂冠电力,8867675.02725,88676750272.5
600795,国电电力,8846467.064672,88464670646.72
600418,江淮汽车,8813836.74245,88138367424.5
688396,华润微,8763534.06664,87635340666.40001
000630,铜陵有色,8662518.59546,86625185954.59999
688249,晶合集成,8632644.2971,86326442971.0
001389,广合科技,8603620.739676,86036207396.76001
300015,爱尔眼科,8570039.53973,85700395397.29999
000895,双汇发展,8550783.873684,85507838736.84
600482,中国动力,8505923.88,85059238800.00002
601186,中国铁建,8500792.979,85007929790.0
603893,瑞芯微,8500301.9686,85003019686.0
601179,中国西电,8498712.939616,84987129396.16
301217,铜冠铜箔,8449326.424448,84493264244.48
301638,南网数字,8400635.90766,84006359076.6
688187,时代电气,8339585.000656,83395850006.56
600703,三安光电,8286760.105547,82867601055.47
300450,先导智能,8277350.769696,82773507696.96
600600,青岛啤酒,8267022.43326,82670224332.6
688361,中科飞测,8217981.009153,82179810091.53
688146,中船特气,8205882.3575,82058823575.0
002179,中航光电,8196562.088631,81965620886.31
600549,厦门钨业,8185592.518856,81855925188.56
301526,国际复材,8137554.827584,81375548275.84
601916,浙商银行,8129532.245048,81295322450.48
603228,景旺电子,8120146.401985,81201464019.85
688234,天岳先进,8092645.066256,80926450662.56
000301,东方盛虹,8092148.26788,80921482678.8
601825,沪农商行,8072400.000465,80724000004.65
600023,浙能电力,8045239.6494,80452396494.0
000625,长安汽车,8029468.53072,80294685307.2
600958,东方证券,8020833.155648,80208331556.48
000938,紫光股份,8013943.806948,80139438069.48
002648,卫星化学,8000533.51375,80005335137.5
688585,上纬新材,7946226.0416,79462260416.0
002027,分众传媒,7914325.449848,79143254498.48
002851,麦格米特,7901992.464912,79019924649.12
601958,金钼股份,7876141.3404,78761413404.0
603195,公牛集团,7844519.485382,78445194853.82
603459,红板科技,7839791.068788,78397910687.88
601838,成都银行,7790244.184328,77902441843.28
300223,北京君正,7721134.108723,77211341087.23
300390,天华新能,7718505.571308,77185055713.08
601168,西部矿业,7670877.0,76708770000.0
600039,四川路桥,7643424.176955,76434241769.55
002311,海大集团,7639508.783862,76395087838.62001
688729,屹唐股份,7631255.92,76312559200.0
300672,国科微,7620296.0652,76202960652.0
601077,渝农商行,7529691.0,75296910000.0
300751,迈为股份,7520585.74268,75205857426.8
001979,招商蛇口,7519370.830614,75193708306.14
600436,片仔癀,7485959.94168,74859599416.8
300661,圣邦股份,7410235.267178,74102352671.78
301165,锐捷网络,7410136.359402,74101363594.02
301358,湖南裕能,7403683.738706,74036837387.06
601360,三六零,7342536.215071,73425362150.71
600674,川投能源,7331408.669312,73314086693.12
000426,兴业银锡,7304965.430246,73049654302.46
300395,菲利华,7280411.36162,72804113616.2
600066,宇通客车,7230725.502318,72307255023.18001
002049,紫光国微,7226938.421872,72269384218.72
600415,小商品城,7221847.500642,72218475006.42
002532,天山铝业,7220830.3674,72208303674.0
000708,中信特钢,7182106.342011,71821063420.11
688469,芯联集成,7150432.157716,71504321577.16
600105,永鼎股份,7090674.7897,70906747897.0
688036,传音控股,7085540.874475,70855408744.75
002812,恩捷股份,7075278.185988,70752781859.87999
300316,晶盛机电,7071482.5038,70714825038.0
688775,影石创新,7042763.0,70427630000.0
688313,仕佳光子,7005788.084,70057880840.0
300054,鼎龙股份,6958837.82232,69588378223.2
301269,华大九天,6949966.001136,69499660011.36
600580,卧龙电驱,6938925.983862,69389259838.62
000021,深科技,6923650.80684,69236508068.4
600438,通威股份,6901551.807486,69015518074.86
601126,XD四方股,6898946.6455,68989466455.0
000933,神火股份,6884202.465339,68842024653.39
001965,招商公路,6869841.036912,68698410369.119995
600498,烽火通信,6824791.59705,68247915970.5
002304,洋河股份,6810638.179554,68106381795.53999
600879,航天电子,6806454.526042,68064545260.420006
600988,XD赤峰黄,6792069.550172,67920695501.72
600048,保利发展,6787241.418006,67872414180.06
002128,电投能源,6738169.919958,67381699199.58
601061,中信金属,6737500.0,67375000000.0
300548,长芯博创,6734163.725888,67341637258.88
300782,卓胜微,6725622.775242,67256227752.42
601018,宁波港,6692309.609256,66923096092.560005
002920,德赛西威,6686651.329976,66866513299.76
603659,璞泰来,6682656.309728,66826563097.28001
601788,光大证券,6681031.288911,66810312889.11
688629,华丰科技,6662268.393612,66622683936.12
300866,安克创新,6649826.864,66498268640.0
603083,剑桥科技,6647459.53105,66474595310.5
003031,中瓷电子,6639498.08448,66394980844.799995
301511,德福科技,6637290.66,66372906600.0
000975,山金国际,6620795.517168,66207955171.68
600726,华电能源,6618440.40777,66184404077.700005
688777,中控技术,6605641.360923,66056413609.229996
002185,华天科技,6582911.6652,65829116652.0
688110,东芯股份,6545296.4184,65452964184.0
600578,京能电力,6493782.38455,64937823845.49999
300620,光库科技,6474707.28128,64747072812.799995
000960,锡业股份,6430348.068416,64303480684.16
600292,电投水电,6417002.084465,64170020844.65
601877,正泰电器,6408225.486432,64082254864.32
600426,华鲁恒升,6371406.432372,63714064323.72
600377,宁沪高速,6367712.84,63677128400.0
688331,荣昌生物,6361096.755927,63610967559.270004
600221,海航控股,6352697.982645,63526979826.450005
688048,长光华芯,6352071.466062,63520714660.62
001391,国货航,6336409.355775,63364093557.74999
600233,圆通速递,6332008.3903,63320083903.0
600009,上海机场,6320315.1216,63203151216.0
601238,广汽集团,6311983.7921,63119837921.0
002436,兴森科技,6292191.530226,62921915302.259995
601808,中海油服,6284186.664,62841866640.0
688223,晶科能源,6274610.219371,62746102193.71001
000157,中联重科,6270188.0461,62701880461.0
600196,复星医药,6227441.1859,62274411859.0
002074,国轩高科,6219149.773112,62191497731.12
688635,N长进,6182126.33,61821263300.0
688047,龙芯中科,6160162.0,61601620000.0
002595,豪迈科技,6157280.0,61572800000.0
688766,普冉股份,6151440.1881,61514401881.0
600027,华电国际,6142628.543336,61426285433.36
600219,南山铝业,6132296.632506,61322966325.06
688002,睿创微纳,6082513.30928,60825133092.799995
601607,上海医药,6078005.004951,60780050049.51
000768,中航西飞,6045046.43349,60450464334.899994
688809,强一股份,6037463.38,60374633800.0
688027,国盾量子,6012636.952454,60126369524.54
600803,新奥股份,6005823.10758,60058231075.799995
600845,宝信软件,5979832.244566,59798322445.66
688387,信科移动,5979393.75,59793937500.0
300373,扬杰科技,5977912.352574,59779123525.74
688375,国博电子,5930348.255,59303482550.0
300803,指南针,5923518.66231,59235186623.1
000066,中国长城,5922567.125568,59225671255.68
600460,士兰微,5920767.62451,59207676245.100006
001203,大中矿业,5903892.755185,59038927551.85
688017,绿的谐波,5884897.0125,58848970125.0
300567,精测电子,5868791.375958,58687913759.58
002273,水晶光电,5847608.489305,58476084893.049995
601618,中国中冶,5823336.98677,58233369867.700005
600021,上海电力,5808922.751755,58089227517.55
002236,大华股份,5789863.133054,57898631330.54
601901,方正证券,5762470.9765,57624709765.0
002484,江海股份,5749541.84116,57495418411.600006
300418,昆仑万维,5749534.84474,57495348447.399994
300919,中伟新材,5725100.441994,57251004419.94
600895,张江高科,5720859.1977,57208591977.0
600350,山东高速,5719297.285975,57192972859.75
600096,云天化,5700492.015837,57004920158.369995
601298,青岛港,5699185.8,56991858000.0
002653,海思科,5692543.04151,56925430415.1
002422,科伦药业,5675907.350144,56759073501.439995
300058,蓝色光标,5661778.874979,56617788749.78999
688385,复旦微电,5649890.33575,56498903357.5
002414,高德红外,5641642.398668,56416423986.67999
002409,雅克科技,5635459.635198,56354596351.979996
300037,新宙邦,5633026.51576,56330265157.6
603629,利通电子,5615746.56,56157465599.99999
601059,信达证券,5600661.0,56006610000.0
002429,兆驰股份,5586244.709038,55862447090.38
000039,中集集团,5575866.07809,55758660780.9
600601,方正科技,5572960.724648,55729607246.479996
688200,华峰测控,5548857.42283,55488574228.299995
603156,养元饮品,5541440.457702,55414404577.02
600885,宏发股份,5510983.348593,55109833485.93
600372,中航机载,5496986.57168,54969865716.8
688019,安集科技,5475224.662048,54752246620.479996
001872,招商港口,5470101.39574,54701013957.399994
688781,视涯科技,5465000.0,54650000000.0
301696,三瑞智能,5365734.14,53657341400.0
002428,云南锗业,5334684.16,53346841600.0
600741,华域汽车,5302881.741088,53028817410.880005
002850,科达利,5286498.531314,52864985313.13999
601208,东材科技,5278205.877175,52782058771.74999
600863,华能蒙电,5257412.19476,52574121947.600006
688037,芯源微,5252391.0608,52523910608.0
000831,中国稀土,5235002.240931,52350022409.31
000559,万向钱潮,5225004.907744,52250049077.439995
001257,盛龙股份,5215936.271097,52159362710.97
002064,华峰化学,5200746.004056,52007460040.560005
601777,千里科技,5167617.381153,51676173811.53
600378,昊华科技,5159998.48,51599984800.00001
000963,华东医药,5154232.596272,51542325962.72
000636,风华高科,5116312.419042,51163124190.42
601456,国联民生,5112533.5254,51125335254.0
688009,中国通号,5093702.939,50937029390.0
688519,南亚新材,5078096.77326,50780967732.6
601377,兴业证券,5060688.554284,50606885542.84
000688,国城矿业,5055498.833796,50554988337.96
002558,巨人网络,5049793.156947,50497931569.47
688411,海博思创,5046883.218596,50468832185.96
688796,百奥赛图,5029394.81868,50293948186.799995
688472,阿特斯,5027533.35456,50275333545.6
000703,恒逸石化,5020904.096118,50209040961.18
000596,古井贡酒,4963554.0,49635540000.0
603920,世运电路,4957675.14096,49576751409.600006
300115,长盈精密,4915769.429513,49157694295.13
300285,国瓷材料,4878557.327007,48785573270.07
300666,江丰电子,4865981.32622,48659813262.200005
600143,金发科技,4863888.847688,48638888476.88
688409,富创精密,4862627.04348,48626270434.8
600497,驰宏锌锗,4848846.024646,48488460246.46
688099,晶晨股份,4824873.262528,48248732625.28001
600642,申能股份,4820668.18536,48206681853.6
600570,恒生电子,4796610.237086,47966102370.86
601233,桐昆股份,4796067.00384,47960670038.4
300628,亿联网络,4790102.095001,47901020950.01
603806,XD福斯特,4787047.109865,47870471098.649994
300763,锦浪科技,4772755.3467,47727553467.0
688676,金盘科技,4770262.7765,47702627765.0
601117,中国化学,4769306.272522,47693062725.21999
002487,大金重工,4764625.386379,47646253863.79
603260,合盛硅业,4740649.83341,47406498334.100006
688188,柏楚电子,4733433.55344,47334335534.4
688220,翱捷科技,4726800.0457,47268000457.0
601021,春秋航空,4721437.099398,47214370993.98
300454,深信服,4717372.030205,47173720302.05
002222,福晶科技,4714256.25,47142562500.0
601212,白银有色,4709436.588996,47094365889.96
600869,远东股份,4698369.763282,46983697632.82
600699,均胜电子,4686428.641386,46864286413.86
300776,帝尔激光,4685518.161,46855181610.0
603308,应流股份,4663021.139595,46630211395.95
002738,中矿资源,4661559.017297,46615590172.96999
300759,康龙化成,4650164.862468,46501648624.67999
002126,银轮股份,4591382.609136,45913826091.36
600995,南网储能,4567092.295345,45670922953.45
688122,西部超导,4561294.433437,45612944334.37
000783,长江证券,4556780.109152,45567801091.520004
300748,金力永磁,4553200.57307,45532005730.7
603979,金诚信,4549292.506044,45492925060.44
601699,潞安环能,4546941.984,45469419840.0
300870,欧陆通,4546585.1523,45465851523.0
603699,纽威股份,4531528.544655,45315285446.549995
688295,中复神鹰,4522500.0,45225000000.0
688322,奥比中光,4512872.7,45128727000.0
001286,陕西能源,4507500.0,45075000000.0
301656,联合动力,4468101.51078,44681015107.8
001267,汇绿生态,4457379.877006,44573798770.06
002195,岩山科技,4457055.991056,44570559910.56
300207,欣旺达,4450537.032414,44505370324.13999
600918,中泰证券,4434270.95776,44342709577.6
600871,石化油服,4416991.679089,44169916790.89001
002821,凯莱英,4408448.63352,44084486335.2
688141,杰华特,4401443.406366,44014434063.659996
601216,君正集团,4387769.0428,43877690428.0
002465,海格通信,4380436.91822,43804369182.200005
688536,思瑞浦,4376026.282719,43760262827.19
002240,盛新锂能,4369612.944928,43696129449.28
002203,海亮股份,4368085.552244,43680855522.44
688428,诺诚健华,4358670.56144,43586705614.4
688213,思特威,4355775.452925,43557754529.25
601598,中国外运,4354466.994789,43544669947.89
601198,东兴证券,4344406.77888,43444067788.8
605376,博迁新材,4338897.6,43388976000.0
601878,浙商证券,4326811.620494,43268116204.939995
603392,万泰生物,4325487.782484,43254877824.84
000893,亚钾国际,4321787.401599,43217874015.990005
002555,三七互娱,4318287.953312,43182879533.12
000878,云南铜业,4311977.22312,43119772231.200005
600707,彩虹股份,4280948.950276,42809489502.76
601058,赛轮轮胎,4277818.436959,42778184369.590004
688052,纳芯微,4276996.2879,42769962879.0
002407,多氟多,4260558.164451,42605581644.51
301611,珂玛科技,4251000.0,42510000000.0
688195,腾景科技,4225217.75,42252177500.0
301550,斯菱智驱,4185614.95,41856149500.0
688303,大全能源,4178860.750352,41788607503.52
688433,华曙高科,4149957.384342,41499573843.42
002340,格林美,4138013.685071,41380136850.71
600061,国投资本,4136908.712962,41369087129.62
688568,中科星图,4125242.84576,41252428457.6
603049,中策橡胶,4119701.652178,41197016521.78
300432,富临精工,4118812.422978,41188124229.78
601963,重庆银行,4115226.913975,41152269139.75
002945,华林证券,4101300.0,41013000000.0
601136,首创证券,4094534.0324,40945340324.0
000999,华润三九,4082326.405674,40823264056.74
300438,鹏辉能源,4081611.30624,40816113062.4
300953,震裕科技,4074644.945728,40746449457.28
688167,炬光科技,4070636.4372,40706364372.0
301018,申菱环境,4064428.004242,40644280042.42
688301,奕瑞科技,4060037.375667,40600373756.67
600733,北汽蓝谷,4055877.073794,40558770737.939995
688578,艾力斯,4054050.0,40540500000.0
600685,中船防务,4048282.266592,40482822665.92
300001,特锐德,4045876.053929,40458760539.29
603179,新泉股份,4040221.76305,40402217630.5
000987,越秀资本,4028757.366986,40287573669.86
002131,利欧股份,4015664.770879,40156647708.79
002129,TCL中环,4014813.962589,40148139625.89
688025,杰普特,4011085.6506,40110856506.0
601615,明阳智能,4009633.659738,40096336597.38
600968,海油发展,4005051.054406,40050510544.06
688668,鼎通科技,4004029.9225,40040299225.0
002032,苏 泊 尔,4002440.172624,40024401726.24
300979,华利集团,3996975.0,39969750000.0
601799,星宇股份,3992655.559944,39926555599.44
002056,横店东磁,3988698.005448,39886980054.48
603175,超颖电子,3987455.524804,39874555248.04
002444,巨星科技,3984779.215152,39847792151.520004
600331,宏达股份,3978249.6,39782496000.0
000002,万 科Ａ,3972926.253843,39729262538.43
600141,兴发集团,3964539.788243,39645397882.43
688728,格科微,3958092.907174,39580929071.74
600392,盛和资源,3952623.91535,39526239153.5
301396,宏景科技,3945400.9579,39454009579.0
600801,华新建材,3941775.750504,39417757505.04
002432,九安医疗,3938666.869974,39386668699.74
300017,网宿科技,3938190.578106,39381905781.06
688548,广钢气体,3937085.186664,39370851866.64
601555,东吴证券,3935212.646904,39352126469.04
600256,广汇能源,3924689.819896,39246898198.96
002138,顺络电子,3918707.20044,39187072004.4
300251,光线传媒,3916340.55672,39163405567.200005
600985,淮北矿业,3899838.610632,38998386106.32
002245,蔚蓝锂芯,3890002.995132,38900029951.32
002155,湖南黄金,3886313.822892,38863138228.92
300346,南大光电,3885684.108666,38856841086.659996
002078,太阳纸业,3867636.604696,38676366046.96
688807,优迅股份,3856000.0,38560000000.0
000539,粤电力Ａ,3853708.445724,38537084457.240005
301626,苏州天脉,3852606.72,38526067200.0
600711,盛屯矿业,3850901.992546,38509019925.46
600330,天通股份,3849548.812336,38495488123.36
002261,拓维信息,3849202.77157,38492027715.7
600956,新天绿能,3844814.498196,38448144981.96
600157,永泰能源,3839926.48952,38399264895.2
600909,华安证券,3838495.888392,38384958883.92
600563,法拉电子,3833325.0,38333250000.0
300765,新诺威,3833134.144176,38331341441.759995
688336,三生国健,3828427.799582,38284277995.82
605589,圣泉集团,3814672.960486,38146729604.86
688205,德科立,3808960.71296,38089607129.6
688599,天合光能,3806672.48975,38066724897.5
605358,立昂微,3793284.6265,37932846265.0
301236,软通动力,3778440.872,37784408720.0
601880,辽港股份,3771482.75408,37714827540.799995
603306,华懋科技,3770744.739624,37707447396.24
000786,北新建材,3760239.416778,37602394167.78
920045,蘅东光,3754486.22994,37544862299.4
300458,全志科技,3754043.73182,37540437318.2
600295,鄂尔多斯,3753158.956614,37531589566.14
300972,万辰集团,3749337.792,37493377920.0
601577,长沙银行,3744066.544974,37440665449.740005
000983,山西焦煤,3741209.597881,37412095978.81
300832,新产业,3740021.4166,37400214166.0
002294,信立泰,3736865.02532,37368650253.2
301536,星宸科技,3732179.8032,37321798032.0
000981,山子高科,3729056.641224,37290566412.24
688630,芯碁微装,3728262.2628,37282622628.0
603486,科沃斯,3724208.82848,37242088284.8
603369,今世缘,3717957.710334,37179577103.340004
601665,齐鲁银行,3716920.8851,37169208851.0
603688,石英股份,3705079.49676,37050794967.6
002831,裕同科技,3705066.8375,37050668375.0
600352,浙江龙盛,3702291.65668,37022916566.8
688147,微导纳米,3698493.00658,36984930065.799995
603606,东方电缆,3695966.834728,36959668347.28
000973,佛塑科技,3694729.859298,36947298592.98
601108,财通证券,3687148.724778,36871487247.78
600901,江苏金租,3683627.050116,36836270501.16
603379,三美股份,3681188.59311,36811885931.1
300570,太辰光,3678546.737932,36785467379.32
603129,春风动力,3660410.414787,36604104147.87
000027,深圳能源,3658432.845404,36584328454.04
688001,华兴源创,3647088.497346,36470884973.46
000883,湖北能源,3638805.24182,36388052418.200005
002966,苏州银行,3634648.214943,36346482149.43
688627,精智达,3631652.437628,36316524376.28
688127,蓝特光学,3627101.8472,36271018472.0
002472,双环传动,3612221.591,36122215910.0
688390,固德威,3611904.54462,36119045446.2
601611,中国核建,3610573.385976,36105733859.76
600515,海南机场,3610397.834232,36103978342.32
000967,盈峰环境,3605939.23289,36059392328.9
600301,华锡有色,3604369.495342,36043694953.42
688449,联芸科技,3594440.0,35944400000.0
300806,斯迪克,3590593.284263,35905932842.63
300255,常山药业,3584337.4242,35843374242.0
301486,致尚科技,3581192.09085,35811920908.5
000876,新 希 望,3579706.313415,35797063134.15
600663,陆家嘴,3549783.343695,35497833436.95
002636,金安国纪,3549728.0,35497280000.0
688538,和辉光电,3549025.469625,35490254696.25
688300,联瑞新材,3546940.93191,35469409319.1
688180,君实生物,3526679.706885,35266797068.85
002015,协鑫能科,3522614.41238,35226144123.8
600588,用友网络,3519507.33127,35195073312.7
002601,龙佰集团,3509613.138432,35096131384.32
603929,亚翔集成,3508278.48,35082784800.0
300811,铂科新材,3505675.98024,35056759802.4
600332,白云山,3503579.495095,35035794950.950005
603119,浙江荣泰,3498218.043264,34982180432.64
600839,四川长虹,3489880.631832,34898806318.32
600637,东方明珠,3486290.110229,34862901102.29
000729,燕京啤酒,3480896.086135,34808960861.35
600177,雅戈尔,3476828.310304,34768283103.04
600085,同仁堂,3469819.76286,34698197628.6
002517,恺英网络,3469583.812016,34695838120.16
688368,晶丰明源,3460723.95875,34607239587.5
002756,永兴材料,3458336.3791,34583363791.0
002939,长城证券,3457503.901292,34575039012.92
600536,中国软件,3452209.001048,34522090010.48
603298,杭叉集团,3450044.937066,34500449370.659996
600060,海信视像,3449041.667322,34490416673.22
300339,润和软件,3448458.94153,34484589415.3
603650,彤程新材,3442671.63636,34426716363.6
002252,上海莱士,3438476.145566,34384761455.66
601162,天风证券,3425154.97956,34251549795.6
600299,安迪苏,3418554.97527,34185549752.699997
300347,泰格医药,3418273.4185,34182734185.0
601933,永辉超市,3403138.872375,34031388723.749996
000921,海信家电,3398449.313634,33984493136.339996
000547,航天发展,3388752.73028,33887527302.8
000582,北部湾港,3385478.6256,33854786256.0
000962,东方钽业,3382074.584392,33820745843.92
300496,中科创达,3373524.745872,33735247458.72
603435,C嘉德,3363402.2305,33634022305.0
000060,中金岭南,3353085.20579,33530852057.9
601717,中创智领,3351195.66861,33511956686.100002
000811,冰轮环境,3350605.67736,33506056773.600002
600884,杉杉股份,3344876.927281,33448769272.81
688778,厦钨新能,3344587.807041,33445878070.41
301297,富乐德,3342857.815804,33428578158.04
002378,章源钨业,3342343.946812,33423439468.120003
000062,深圳华强,3338542.555824,33385425558.239998
601866,中远海发,3325809.26664,33258092666.4
601236,红塔证券,3325335.35811,33253353581.1
300413,芒果超媒,3318658.72581,33186587258.100002
000629,钒钛股份,3316868.380665,33168683806.65
300474,景嘉微,3303998.727806,33039987278.06
300122,智飞生物,3298642.271366,32986422713.660004
601112,振石股份,3292773.166364,32927731663.640003
002271,东方雨虹,3286851.015616,32868510156.16
300456,赛微电子,3278850.414052,32788504140.519997
600348,华阳股份,3275610.0,32756100000.0
603345,安井食品,3268231.267192,32682312671.920002
688248,南网科技,3262271.9,32622719000.0
002518,科士达,3260460.5264,32604605264.0
300903,科翔股份,3235792.936216,32357929362.16
603290,斯达半导,3232891.791,32328917910.000004
601696,中银证券,3230814.0,32308140000.0
002948,青岛银行,3230296.87182,32302968718.2
601016,节能风电,3219858.937128,32198589371.28
600109,国金证券,3208846.01206,32088460120.600002
003022,联泓新科,3205363.2,32053632000.0
002149,西部材料,3202685.63744,32026856374.4
002364,中恒电气,3199358.27792,31993582779.199997
002244,滨江集团,3183007.09947,31830070994.699997
603087,甘李药业,3176467.825142,31764678251.42
001270,铖昌科技,3174787.820103,31747878201.03
000423,东阿阿胶,3170297.904552,31702979045.52
301205,联特科技,3165753.6,31657536000.0
002025,航天电器,3164310.67698,31643106769.8
000728,国元证券,3150647.637302,31506476373.02
600925,苏能股份,3148222.222273,31482222222.73
603568,伟明环保,3148010.545342,31480105453.420002
002456,欧菲光,3146495.33305,31464953330.5
000564,供销大集,3142103.023596,31421030235.96
300073,当升科技,3133498.646676,31334986466.760002
600298,安琪酵母,3126858.761613,31268587616.13
600517,国网英大,3122265.916224,31222659162.24
688400,凌云光,3113080.64592,31130806459.2
002335,科华数据,3104338.768943,31043387689.43
603596,伯特利,3103139.564822,31031395648.22
002608,江苏国信,3101803.436984,31018034369.839996
600816,建元信托,3101001.20001,31010012000.1
000877,天山股份,3100174.378584,31001743785.839996
603160,汇顶科技,3098147.12025,30981471202.5
002459,晶澳科技,3097891.345536,30978913455.36
000661,长春高新,3092574.407349,30925744073.49
300896,爱美客,3092490.86342,30924908634.199997
688608,恒玄科技,3085914.494355,30859144943.55
688617,惠泰医疗,3085288.915625,30852889156.25
600499,科达制造,3083913.076728,30839130767.28
688318,财富趋势,3081629.487104,30816294871.04
002130,沃尔核材,3079752.1964,30797521963.999996
600329,达仁堂,3076526.95222,30765269522.199997
300236,上海新阳,3068951.424329,30689514243.29
600483,福能股份,3058151.58,30581515800.0
600577,精达股份,3054556.10274,30545561027.4
002673,西部证券,3052724.304515,30527243045.15
300487,蓝晓科技,3048194.334292,30481943342.920002
300724,捷佳伟创,3043723.840434,30437238404.34
688018,乐鑫科技,3031682.428944,30316824289.44
688169,石头科技,3031544.5056,30315445055.999996
002797,第一创业,3021525.6,30215256000.0
600562,国睿科技,3020198.26688,30201982668.8
688065,凯赛生物,3012106.179744,30121061797.440002
300623,捷捷微电,3009633.067023,30096330670.230003
601990,南京证券,3004945.783985,30049457839.850002
600282,南钢股份,3002399.322357,30023993223.57
603667,五洲新春,2990500.75121,29905007512.1
920185,贝特瑞,2990026.175546,29900261755.46
300814,中富电路,2986310.0592,29863100592.0
000800,一汽解放,2972453.7089,29724537089.0
600246,万通发展,2968884.863328,29688848633.28
688297,中无人机,2953800.0,29538000000.0
002157,正邦科技,2950801.865891,29508018658.909996
603225,新凤鸣,2950711.55902,29507115590.2
002545,东方铁塔,2948427.13671,29484271367.100002
603198,迎驾贡酒,2944800.0,29448000000.0
301606,绿联科技,2944199.983376,29441999833.760002
002498,汉缆股份,2927580.48,29275804800.0
300677,英科医疗,2926747.08561,29267470856.1
300257,开山股份,2922280.587938,29222805879.38
600595,中孚实业,2917754.922992,29177549229.92
600667,太极实业,2911426.711776,29114267117.76
600575,淮河能源,2909717.62102,29097176210.2
600688,上海石化,2899219.8125,28992198125.0
601001,晋控煤业,2893827.3,28938273000.0
603730,岱美股份,2889848.11351,28898481135.100002
603063,禾望电气,2888203.80915,28882038091.5
688102,斯瑞新材,2883317.836356,28833178363.56
601155,新城控股,2873663.518544,28736635185.440002
600312,平高电气,2871245.489844,28712454898.44
603766,隆鑫通用,2870851.5063,28708515063.0
600961,株冶集团,2864570.11701,28645701170.100002
000791,甘肃能源,2854578.97296,28545789729.6
000429,粤高速Ａ,2853950.36199,28539503619.9
605111,新洁能,2853334.73529,28533347352.9
003021,兆威机电,2838383.8441,28383838441.0
603067,振华股份,2834731.315808,28347313158.08
688692,达梦数据,2830886.76,28308867599.999996
000959,首钢股份,2830563.09005,28305630900.500004
688362,甬矽电子,2828689.973481,28286899734.809998
688531,日联科技,2827682.102364,28276821023.64
601865,福莱特,2809113.512073,28091135120.73
600012,皖通高速,2807216.473627,28072164736.27
600259,中稀有色,2806211.92531,28062119253.1
603005,晶方科技,2804990.507506,28049905075.059998
688372,伟测科技,2801669.8387,28016698387.000004
600737,中粮糖业,2797613.482224,27976134822.24
688333,铂力特,2792874.053494,27928740534.94
000733,振华科技,2789688.915654,27896889156.539997
603728,鸣志电器,2787663.0375,27876630375.0
002497,雅化集团,2782285.92328,27822859232.800003
601399,国机重装,2777219.01765,27772190176.5
002266,浙富控股,2776652.385864,27766523858.64
000932,华菱钢铁,2775306.7098,27753067098.0
002046,国机精工,2767280.997494,27672809974.94
603127,昭衍新药,2760598.84248,27605988424.8
002223,鱼跃医疗,2754806.600892,27548066008.92
002747,埃斯顿,2751451.001879,27514510018.79
600873,梅花生物,2748156.817,27481568169.999996
603092,德力佳,2747600.6869,27476006869.0
300323,华灿光电,2746113.964524,27461139645.239998
002603,以岭药业,2743298.227392,27432982273.920002
002859,洁美科技,2742169.745912,27421697459.12
688545,兴福电子,2741040.0,27410400000.0
000683,博源化工,2735588.02816,27355880281.600002
603115,海星股份,2735296.6432,27352966432.0
600396,华电辽能,2734816.559169,27348165591.69
605090,九丰能源,2734719.622232,27347196222.32
600398,海澜之家,2732776.298424,27327762984.239998
002716,湖南白银,2724280.54339,27242805433.899998
002402,和而泰,2721210.472755,27212104727.55
000513,丽珠集团,2715220.128918,27152201289.18
603663,三祥新材,2714621.29675,27146212967.500004
002152,广电运通,2714337.507514,27143375075.14
600977,中国电影,2712751.0,27127510000.0
603737,三棵树,2701887.586126,27018875861.260002
600153,建发股份,2699470.390981,26994703909.809998
002624,完美世界,2698496.049964,26984960499.64
600369,西南证券,2691269.19522,26912691952.2
000400,许继电气,2687125.492862,26871254928.620003
600546,山煤国际,2686228.0697,26862280697.0
603338,浙江鼎力,2682631.062942,26826310629.420002
688343,云天励飞,2670414.69988,26704146998.800003
000737,北方铜业,2670412.44187,26704124418.7
601118,海南橡胶,2670362.945328,26703629453.28
688813,泰金新能,2670080.0,26700800000.0
601608,中信重工,2669879.653771,26698796537.71
002841,视源股份,2669223.450075,26692234500.75
688266,泽璟制药,2667729.098508,26677290985.079998
600100,同方股份,2666836.979548,26668369795.48
002865,钧达股份,2665993.73538,26659937353.8
300085,银之杰,2664741.457485,26647414574.850002
688279,峰岹科技,2663049.12672,26630491267.2
300699,光威复材,2660326.4,26603264000.0
600732,爱旭股份,2655031.403442,26550314034.420002
600098,广州发展,2650433.925636,26504339256.36
600126,杭钢股份,2644339.051989,26443390519.89
000034,神州数码,2631322.247844,26313222478.44
002085,万丰奥威,2630765.62728,26307656272.800003
003035,南网能源,2628787.878178,26287878781.78
688349,三一重能,2615920.190595,26159201905.95
000738,航发控制,2615900.977989,26159009779.89
002491,通鼎互联,2612508.318,26125083180.0
000415,渤海租赁,2609867.981004,26098679810.04
300602,飞荣达,2608493.761173,26084937611.73
603881,数据港,2606990.129371,26069901293.71
600602,云赛智联,2606785.60523,26067856052.3
601069,西部黄金,2605457.49178,26054574917.8
688700,东威科技,2600269.45104,26002694510.4
600161,天坛生物,2598266.080044,25982660800.44
688800,瑞可达,2597255.50238,25972555023.8
601000,XD唐山港,2595556.732932,25955567329.32
000887,中鼎股份,2590851.822096,25908518220.96
001339,智微智能,2589006.23982,25890062398.199997
601106,中国一重,2585384.163479,25853841634.789997
300383,光环新网,2583140.921139,25831409211.39
601156,东航物流,2581365.334056,25813653340.56
000155,川能动力,2579097.173774,25790971737.739998
300024,机器人,2578576.05765,25785760576.5
600566,济川药业,2577889.34122,25778893412.199997
000029,深深房Ａ,2577709.68,25777096800.0
688785,恒运昌,2574695.19464,25746951946.399998
002683,广东宏大,2570691.168129,25706911681.289997
688097,博众精工,2567331.35322,25673313532.2
603061,金海通,2566500.0,25665000000.0
301599,理奇智能,2566293.6,25662936000.0
600598,北大荒,2561636.748869,25616367488.69
600704,物产中大,2559734.04555,25597340455.5
000969,安泰科技,2559065.251092,25590652510.92
688726,拉普拉斯,2558824.231157,25588242311.570004
603885,吉祥航空,2557470.168828,25574701688.28
688615,合合信息,2554664.0,25546640000.0
603876,鼎胜新材,2554555.568537,25545555685.370003
600320,振华重工,2549883.094484,25498830944.84
688257,新锐股份,2549578.298904,25495782989.039997
603939,益丰药房,2544811.502769,25448115027.69
600862,中航高科,2543707.669382,25437076693.82
601606,长城军工,2542765.9124,25427659123.999996
002975,博杰股份,2540651.894352,25406518943.52
000830,鲁西化工,2540361.560674,25403615606.74
600641,先导基电,2536653.79968,25366537996.800003
000158,常山北明,2533807.502785,25338075027.85
688192,迪哲医药,2531432.512164,25314325121.64
000519,中兵红箭,2528887.111312,25288871113.12
000875,电投绿能,2517325.814444,25173258144.44
688523,航天环宇,2514111.52,25141115200.0
301362,民爆光电,2513231.37,25132313700.0
600208,衢州发展,2510137.536,25101375360.0
002430,杭氧股份,2506555.166178,25065551661.780003
600583,海油工程,2502486.8168,25024868168.0
600323,瀚蓝环境,2501485.043928,25014850439.280003
001365,天海电子,2498475.0,24984750000.0
688502,茂莱光学,2498284.8,24982848000.0
300277,汽轮科技,2487231.8146,24872318146.0
688709,成都华微,2482429.707348,24824297073.48
600095,湘财股份,2481774.960924,24817749609.24
300726,宏达电子,2479275.8669,24792758668.999996
603618,杭电股份,2475124.70528,24751247052.8
002065,东华软件,2474632.3935,24746323934.999996
688727,恒坤新材,2473055.0784,24730550784.0
600132,重庆啤酒,2469221.052196,24692210521.96
300012,华测检测,2467026.161724,24670261617.239998
002007,华兰生物,2464682.8311,24646828311.0
002318,久立特材,2462470.2144,24624702144.0
603444,吉比特,2460924.01016,24609240101.600002
300503,昊志机电,2459341.517515,24593415175.149998
000951,中国重汽,2458396.381953,24583963819.530003
688503,聚和材料,2456641.47645,24566414764.5
000935,四川双马,2452170.349596,24521703495.96
002947,恒铭达,2451410.926848,24514109268.48
600550,保变电气,2445549.82144,24455498214.4
603601,再升科技,2443467.336969,24434673369.69
600114,东睦股份,2441559.905559,24415599055.59
001301,尚太科技,2439284.37955,24392843795.5
603530,神马电力,2437722.795025,24377227950.25
688432,有研硅,2436838.321242,24368383212.42
600388,龙净环保,2434678.743681,24346787436.81
688652,京仪装备,2434656.0,24346560000.0
300718,长盛轴承,2429671.07196,24296710719.6
601677,明泰铝业,2424871.07265,24248710726.5
688208,道通科技,2422044.101412,24220441014.120003
688819,天能股份,2419556.9,24195569000.0
603816,顾家家居,2404388.596113,24043885961.13
001896,豫能控股,2401579.81342,24015798134.2
688563,航材股份,2398500.0,23985000000.0
603407,长裕集团,2397898.483049,23978984830.49
600998,九州通,2390130.890916,23901308909.16
000750,国海证券,2388429.254398,23884292543.98
600835,上海机电,2388096.28418,23880962841.8
688166,博瑞医药,2385105.985743,23851059857.43
002792,通宇通讯,2381882.42841,23818824284.100002
600206,有研新材,2381354.522916,23813545229.16
603833,欧派家居,2381178.557103,23811785571.030003
600166,福田汽车,2375220.1101,23752201101.0
000997,新 大 陆,2371662.219015,23716622190.149998
300209,行云科技,2370808.029678,23708080296.780003
301345,涛涛车业,2370617.754469,23706177544.69
600486,扬农化工,2370520.628308,23705206283.08
600521,华海药业,2370150.131288,23701501312.88
688425,铁建重工,2368072.668,23680726680.0
002957,科瑞技术,2365761.230978,23657612309.78
601567,三星电气,2363562.2108,23635622108.0
603516,淳中科技,2361977.40198,23619774019.8
688475,萤石网络,2361712.5,23617125000.0
301285,鸿日达,2356038.0,23560380000.0
002536,飞龙股份,2354322.997248,23543229972.48
002290,禾盛新材,2352601.11306,23526011130.6
301171,易点天下,2349761.248608,23497612486.08
600808,马钢股份,2348707.76173,23487077617.3
000591,太阳能,2346814.376412,23468143764.12
002180,奔图科技,2346100.22295,23461002229.5
301219,腾远钴业,2342706.879718,23427068797.18
601918,新集能源,2341849.7872,23418497872.0
300102,乾照光电,2341329.347472,23413293474.72
601975,XD招商南,2340172.339,23401723390.0
603605,珀莱雅,2339030.462373,23390304623.73
688005,容百科技,2337867.01237,23378670123.7
601128,常熟银行,2331514.612391,23315146123.91
601099,太平洋,2331180.19854,23311801985.399998
301389,隆扬电子,2330370.0,23303700000.0
601778,晶科科技,2330277.681875,23302776818.749996
300260,新莱应材,2326945.326912,23269453269.12
002048,宁波华翔,2320238.230822,23202382308.22
000088,盐 田 港,2318969.572316,23189695723.159996
300003,乐普医疗,2317184.868012,23171848680.12
601228,广州港,2316171.124757,23161711247.57
002468,申通快递,2308449.666328,23084496663.28
688308,欧科亿,2305510.40016,23055104001.600002
600970,中材国际,2301951.747272,23019517472.72
300568,星源材质,2294436.639495,22944366394.949997
600038,中直股份,2292421.423548,22924214235.48
920186,中科仪,2288307.1193,22883071193.0
300342,天银机电,2279463.311019,22794633110.190002
000709,河钢股份,2274166.64024,22741666402.4
603301,振德医疗,2273821.430825,22738214308.25
600032,浙江新能,2272418.18118,22724181811.8
300762,上海瀚讯,2271980.163096,22719801630.96
603236,移远通信,2268048.54172,22680485417.2
688516,奥特维,2267223.71379,22672237137.899998
688278,特宝生物,2265451.614,22654516140.0
002153,石基信息,2265230.88803,22652308880.3
002670,国盛证券,2260178.874704,22601788747.04
301286,侨源股份,2254963.6,22549636000.0
601928,凤凰传媒,2254781.4,22547814000.0
600548,深高速,2253616.240776,22536162407.760002
600008,首创环保,2253561.337839,22535613378.39
300738,奥飞数据,2253130.762693,22531307626.93
600848,上海临港,2247535.920564,22475359205.64
603773,沃格光电,2247141.593367,22471415933.670002
688123,聚辰股份,2247041.228229,22470412282.289997
300679,电连技术,2245173.7,22451737000.0
300627,华测导航,2244217.270252,22442172702.52
600582,天地科技,2243115.179464,22431151794.64
603950,长源东谷,2241040.3512,22410403512.0
301338,凯格精机,2240784.0,22407840000.0
601609,金田股份,2238586.459935,22385864599.350002
002980,华盛昌,2229630.45552,22296304555.199997
000766,通化金马,2227770.299635,22277702996.350002
000603,盛达资源,2224461.171504,22244611715.04
002249,大洋电机,2224109.850028,22241098500.28
688150,莱特光电,2223870.09471,22238700947.1
600765,中航重机,2220066.63879,22200666387.9
002405,四维图新,2218927.289904,22189272899.039997
603077,和邦生物,2216756.255228,22167562552.280003
000825,太钢不锈,2215840.392644,22158403926.44
600170,上海建工,2212598.996256,22125989962.559998
002929,润建股份,2210450.476604,22104504766.04
603565,中谷物流,2209266.384356,22092663843.56
001337,四川黄金,2202900.0,22029000000.0
002611,东方精工,2193549.98468,21935499846.800003
600906,财达证券,2187130.0,21871300000.0
688114,华大智造,2186293.297595,21862932975.95
300302,同有科技,2185442.91888,21854429188.8
300199,翰宇药业,2174540.169232,21745401692.32
002926,华西证券,2165625.0,21656250000.0
688281,华秦科技,2165574.012875,21655740128.75
600754,锦江酒店,2160320.647544,21603206475.44
688549,中巨芯,2159777.512,21597775120.0
600967,内蒙一机,2159577.432423,21595774324.230003
600390,五矿资本,2159071.42032,21590714203.2
300398,飞凯材料,2157798.1887,21577981887.0
601997,贵阳银行,2153500.666764,21535006667.64
002192,融捷股份,2150983.701652,21509837016.52
002265,建设工业,2150790.127374,21507901273.739998
300975,商络电子,2150327.54052,21503275405.199997
603826,坤彩科技,2149056.0,21490560000.0
002044,美年健康,2148925.403727,21489254037.27
002969,嘉美包装,2148657.60876,21486576087.600002
600171,上海贝岭,2139530.528454,21395305284.54
605196,华通线缆,2139440.521847,21394405218.469997
002531,天顺风能,2136488.724362,21364887243.62
600007,中国国贸,2131409.841944,21314098419.440002
600410,华胜天成,2130489.169069,21304891690.690002
600186,莲花控股,2128011.628867,21280116288.67
688352,颀中科技,2125998.670944,21259986709.440002
601333,广深铁路,2125061.1,21250611000.0
600004,白云机场,2123649.548752,21236495487.52
603786,科博达,2121055.3884,21210553884.0
000032,深桑达Ａ,2120487.897695,21204878976.949997
002299,圣农发展,2119505.484305,21195054843.05
300142,沃森生物,2119136.816825,21191368168.25
600518,康美药业,2115821.19357,21158211935.7
603026,石大胜华,2115484.918274,21154849182.739998
002461,珠江啤酒,2113728.6984,21137286984.0
300657,弘信电子,2108335.449958,21083354499.579998
601020,华钰矿业,2106489.309162,21064893091.620003
600535,天士力,2106469.50705,21064695070.5
600428,中远海特,2104586.942965,21045869429.649998
300558,贝达药业,2102407.013471,21024070134.71
300660,江苏雷利,2101541.7756,21015417756.0
688582,芯动联科,2099890.045712,20998900457.120003
300593,新雷能,2097841.579623,20978415796.230003
600516,方大炭素,2097530.561728,20975305617.280003
603899,晨光股份,2096128.578052,20961285780.52
600316,洪都航空,2091823.031504,20918230315.04
688708,佳驰科技,2087652.19,20876521900.0
002262,恩华药业,2086425.641482,20864256414.82
001221,悍高集团,2085252.13,20852521300.0
002423,中粮资本,2085215.545375,20852155453.75
688603,天承科技,2084520.969612,20845209696.12
002270,华明装备,2083724.127075,20837241270.75
002506,协鑫集成,2082712.648012,20827126480.12
601519,大智慧,2076683.04,20766830400.0
000537,绿发电力,2076275.07799,20762750779.899998
300638,广和通,2073707.036264,20737070362.64
002815,崇达技术,2069671.770348,20696717703.48
301093,华兰股份,2068940.4624,20689404624.0
000623,吉林敖东,2068899.01951,20688990195.1
601636,旗滨集团,2068098.955872,20680989558.72
603337,杰克科技,2067626.73894,20676267389.4
002895,川恒股份,2067352.578796,20673525787.96
600452,涪陵电力,2066648.52463,20666485246.300003
301086,鸿富瀚,2065140.0,20651400000.0
000543,皖能电力,2065112.494541,20651124945.41
301369,联动科技,2060478.66906,20604786690.6
002176,江特电机,2052709.673943,20527096739.43
600353,旭光电子,2052136.429684,20521364296.84
000598,兴蓉环境,2050013.991327,20500139913.27
601158,重庆水务,2049610.826158,20496108261.579998
600131,国网信通,2049187.12524,20491871252.4
600927,永安期货,2046511.111736,20465111117.36
603678,火炬电子,2045412.079931,20454120799.31
300835,龙磁科技,2042591.11266,20425911126.600002
300827,上能电气,2040274.637035,20402746370.35
688003,天准科技,2038422.045,20384220450.0
300131,英唐智控,2036224.95609,20362249560.9
688625,呈和科技,2034807.875555,20348078755.55
300747,锐科激光,2033553.6,20335536000.0
603638,艾迪精密,2032012.14045,20320121404.5
603906,龙蟠科技,2030308.746096,20303087460.96
300100,双林股份,2027107.53936,20271075393.600002
600511,国药股份,2022068.03464,20220680346.4
301005,超捷股份,2020762.476561,20207624765.61
688388,嘉元科技,2019090.56349,20190905634.9
601858,中国科传,2015775.0,20157750000.0
603186,华正新材,2015542.10889,20155421088.9
301489,思泉新材,2015455.012586,20154550125.86
301095,广立微,2012424.372224,20124243722.24
002326,永太科技,2007526.97012,20075269701.2
002120,韵达股份,2006247.317592,20062473175.92
001287,中电港,2006136.25608,20061362560.8
300201,海伦哲,2002951.559895,20029515598.95
301301,川宁生物,2002616.33,20026163300.0
301183,东田微,2002309.13175,20023091317.5
000050,深天马Ａ,2002207.542378,20022075423.78
688403,汇成股份,2000704.167249,20007041672.489998
002151,北斗星通,1997912.15984,19979121598.4
002617,露笑科技,1996995.954838,19969959548.38
000682,东方电子,1995001.786416,19950017864.16
603171,税友股份,1993122.225,19931222250.0
300773,拉卡拉,1987485.586578,19874855865.780003
688561,奇安信,1985355.42975,19853554297.5
688006,杭可科技,1984270.363624,19842703636.24
002317,众生药业,1983737.733318,19837377333.18
000600,建投能源,1983557.8136,19835578136.0
603124,江南新材,1982280.451599,19822804515.99
603031,安孚科技,1972411.2322,19724112322.0
600226,亨通股份,1972014.751512,19720147515.120003
601098,中南传媒,1972008.0,19720080000.0
300088,长信科技,1970711.793831,19707117938.31
001331,胜通能源,1969470.72,19694707200.0
601969,海南矿业,1968028.569988,19680285699.88
002237,恒邦股份,1967639.281408,19676392814.08
002568,百润股份,1966585.547488,19665855474.88
301682,宏明电子,1966547.063082,19665470630.82
600339,中油工程,1965267.909792,19652679097.92
688268,华特气体,1963586.907182,19635869071.82
600151,航天机电,1962057.128616,19620571286.16
002552,宝鼎科技,1960489.877543,19604898775.43
301035,润丰股份,1957535.230728,19575352307.28
601137,博威合金,1956495.47388,19564954738.8
002773,康弘药业,1955964.385342,19559643853.420002
600606,绿地控股,1953536.345646,19535363456.46
603000,人民网,1952650.404896,19526504048.96
001386,马可波罗,1952499.28,19524992800.0
300821,东岳硅材,1952400.0,19524000000.0
688484,南芯科技,1952282.37105,19522823710.5
300409,道氏技术,1946235.395064,19462353950.64
000739,普洛药业,1945026.764104,19450267641.04
002739,儒意电影,1944948.190068,19449481900.68
002645,华宏科技,1943678.31492,19436783149.2
000628,高新发展,1940005.96,19400059600.0
301316,慧博云通,1939200.0,19392000000.0
600500,中化国际,1937685.40362,19376854036.2
002217,合力泰,1937164.322352,19371643223.52
300166,东方国信,1932451.534356,19324515343.559998
002389,航天彩虹,1931420.317181,19314203171.81
300170,汉得信息,1930267.646946,19302676469.46
002922,伊戈尔,1926978.13344,19269781334.4
603009,北特科技,1926966.540845,19269665408.45
002768,国恩股份,1925590.0,19255900000.0
300364,中文在线,1923968.811638,19239688116.38
601107,四川成渝,1923519.74,19235197400.0
603588,高能环境,1919275.41582,19192754158.2
688772,珠海冠宇,1919054.76828,19190547682.8
688143,长盈通,1918962.730602,19189627306.02
600172,黄河旋风,1913778.799652,19137787996.52
000009,中国宝安,1913776.76203,19137767620.3
601666,平煤股份,1913757.034125,19137570341.25
300769,德方纳米,1913684.2449,19136842449.0
688765,禾元生物,1907262.5,19072625000.0
600776,东方通信,1906608.097152,19066080971.52
300296,利亚德,1906519.987066,19065199870.66
603341,龙旗科技,1904842.89738,19048428973.8
301071,力量钻石,1903631.697282,19036316972.82
688100,威胜信息,1903313.312425,19033133124.25
600612,老凤祥,1902579.307668,19025793076.68
300779,惠城环保,1897833.824761,18978338247.61
000833,粤桂股份,1897726.534886,18977265348.86
002171,楚江新材,1895591.434496,18955914344.96
603305,旭升集团,1895362.03184,18953620318.4
300735,光弘科技,1893330.22554,18933302255.4
000898,鞍钢股份,1892582.694116,18925826941.16
601187,厦门银行,1889615.567808,18896155678.079998
000686,东北证券,1888745.502405,18887455024.05
603658,安图生物,1887416.008704,18874160087.04
000937,冀中能源,1886914.0179,18869140179.0
300684,中石科技,1886309.086454,18863090864.54
603233,大参林,1885932.398952,18859323989.52
002500,山西证券,1884630.062175,18846300621.75
000581,威孚高科,1883298.529964,18832985299.64
688055,龙腾光电,1880000.0376,18800000376.0
603002,宏昌电子,1878034.010904,18780340109.04
300723,一品红,1876783.44273,18767834427.3
688686,奥普特,1876314.23425,18763142342.5
301291,明阳电气,1875839.673129,18758396731.29
688380,中微半导,1874108.565,18741085650.0
300969,恒帅股份,1872138.64993,18721386499.3
600179,安通控股,1866103.397739,18661033977.39
301123,奕东电子,1865388.0,18653880000.0
300436,广生堂,1859760.759,18597607590.0
600623,华谊集团,1859600.20128,18596002012.8
300140,节能环境,1859440.2096,18594402096.0
603698,航天工程,1858813.32,18588133200.0
688712,北芯生命,1857318.0,18573180000.0
603662,柯力传感,1853477.1288,18534771288.0
601139,深圳燃气,1852622.557688,18526225576.879997
301029,怡合达,1852506.121752,18525061217.52
600877,电科芯片,1851869.045488,18518690454.879997
002993,奥海科技,1849468.0,18494680000.0
688520,神州细胞,1848889.691734,18488896917.34
601702,华峰铝业,1845284.5488,18452845488.0
688028,沃尔德,1844898.678,18448986780.0
688593,新相微,1844091.530356,18440915303.559998
601375,中原证券,1843225.2259,18432252259.0
688158,优刻得,1842911.026268,18429110262.68
001359,平安电工,1842602.937945,18426029379.45
600380,健康元,1842259.559702,18422595597.02
000528,柳 工,1839377.3181,18393773181.0
688107,安路科技,1839096.895796,18390968957.96
600416,湘电股份,1838824.850464,18388248504.64
603226,菲林格尔,1837892.4509,18378924509.0
600435,北方导航,1832977.591788,18329775917.88
601326,秦港股份,1832671.136,18326711360.0
001393,维通利,1832600.0049,18326000049.0
603529,爱玛科技,1831254.19202,18312541920.2
603203,快克智能,1829859.770544,18298597705.44
000672,上峰水泥,1827310.42325,18273104232.5
300959,线上线下,1824268.6922,18242686922.0
000966,长源电力,1824062.348384,18240623483.84
600888,新疆众和,1821769.818177,18217698181.77
301392,汇成真空,1820500.0,18205000000.0
000723,美锦能源,1818644.692172,18186446921.72
688798,艾为电子,1818403.3608,18184033608.0
605289,罗曼股份,1818354.1075,18183541075.0
301275,汉朔科技,1817587.2,18175872000.0
600110,诺德股份,1814999.254872,18149992548.72
600655,豫园股份,1813303.106478,18133031064.78
600959,江苏有线,1810259.802332,18102598023.32
301128,强瑞技术,1810077.407222,18100774072.22
301319,唯特偶,1808803.776804,18088037768.04
603025,大豪科技,1804514.113168,18045141131.68
002534,西子洁能,1799768.436081,17997684360.809998
920982,锦波生物,1799046.5909,17990465909.0
300655,晶瑞电材,1797233.10825,17972331082.5
688584,上海合晶,1796120.324768,17961203247.68
605198,安德利,1794589.56,17945895600.0
603997,继峰股份,1792621.193376,17926211933.760002
600552,凯盛科技,1791919.277918,17919192779.18
688535,华海诚科,1791782.255067,17917822550.67
600343,航天动力,1791445.218836,17914452188.36
002396,星网锐捷,1791105.54606,17911055460.600002
603283,赛腾股份,1790019.791833,17900197918.33
600057,厦门象屿,1789571.28357,17895712835.7
301498,乖宝宠物,1786509.33924,17865093392.399998
002439,启明星辰,1783181.10176,17831811017.6
300457,赢合科技,1780695.22128,17806952212.8
688206,概伦电子,1779058.752625,17790587526.25
688063,XD派能科,1775419.525764,17754195257.64
002979,雷赛智能,1774834.801845,17748348018.45
603738,泰晶科技,1773924.800724,17739248007.239998
601966,玲珑轮胎,1770838.24643,17708382464.3
300253,卫宁健康,1769823.131004,17698231310.04
688392,骄成超声,1768868.67424,17688686742.4
600820,隧道股份,1766982.004828,17669820048.28
603613,国联股份,1765317.64185,17653176418.5
688717,艾罗能源,1764320.0,17643200000.0
300144,宋城演艺,1763785.18848,17637851884.8
300083,创世纪,1759759.756573,17597597565.73
688363,华熙生物,1758125.5833,17581255833.0
688779,五矿新能,1755589.836,17555898360.0
300913,兆龙互连,1755039.3344,17550393344.0
300118,东方日升,1752201.307431,17522013074.31
600062,华润双鹤,1750011.531035,17500115310.35
001696,宗申动力,1747311.07992,17473110799.2
600744,华银电力,1746766.87564,17467668756.4
600933,爱柯迪,1746075.951975,17460759519.75
300179,四方达,1745691.80442,17456918044.2
000685,中山公用,1745056.728233,17450567282.33
600619,海立股份,1742037.970938,17420379709.379997
002181,粤 传 媒,1741587.261,17415872610.0
600363,联创光电,1740429.417,17404294170.0
688275,万润新能,1737534.064751,17375340647.51
688332,中科蓝讯,1737376.260624,17373762606.24
600072,中船科技,1734751.063604,17347510636.04
300184,力源信息,1733454.375732,17334543757.32
002913,奥士康,1732788.35184,17327883518.399998
605020,永和股份,1731164.652247,17311646522.47
002312,川发龙蟒,1731029.376748,17310293767.48
603052,可川科技,1726400.227016,17264002270.16
600629,华建集团,1726232.474361,17262324743.61
603360,百傲化学,1726010.610376,17260106103.76
688088,虹软科技,1724230.3792,17242303792.0
600338,西藏珠峰,1720543.536176,17205435361.760002
600635,大众公用,1715364.546175,17153645461.75
600361,创新新材,1713292.277067,17132922770.67
002158,汉钟精机,1712721.417217,17127214172.17
688677,海泰新光,1711004.421,17110044210.0
603358,华达科技,1709864.79664,17098647966.400002
300888,稳健医疗,1709720.316288,17097203162.88
600490,鹏欣资源,1706135.937909,17061359379.09
600773,西藏城投,1705243.66208,17052436620.8
300693,盛弘股份,1703798.847881,17037988478.81
002901,大博医疗,1702862.228178,17028622281.78
002838,道恩股份,1701663.115914,17016631159.14
000697,炼石航空,1699039.4611,16990394611.0
002703,浙江世宝,1697913.240576,16979132405.76
301196,唯科科技,1697499.881402,16974998814.02
600120,浙江东方,1697444.601524,16974446015.24
002320,海峡股份,1696970.672133,16969706721.330002
600596,新安股份,1696443.490593,16964434905.93
002145,钛能化学,1693969.121435,16939691214.35
300077,国民技术,1693282.3699,16932823699.0
688567,孚能科技,1692613.880725,16926138807.25
002896,中大力德,1692256.71137,16922567113.699999
002310,东方新能,1691808.836994,16918088369.94
000534,万泽股份,1691701.07312,16917010731.2
000592,平潭发展,1690308.2805,16903082805.000002
603693,江苏新能,1688455.31672,16884553167.2
601992,金隅集团,1687087.839172,16870878391.720001
301238,瑞泰新材,1686666.59,16866665900.0
603871,嘉友国际,1684018.657998,16840186579.98
603733,仙鹤股份,1683675.852768,16836758527.68
600459,贵研铂业,1683603.753355,16836037533.55
002183,怡 亚 通,1682861.890968,16828618909.68
000902,新洋丰,1682598.328866,16825983288.66
688559,海目星,1681788.390672,16817883906.72
001213,中铁特货,1679999.999832,16799999998.32
603132,金徽股份,1679226.0,16792260000.0
301531,春光集团,1678323.25092,16783232509.2
605099,共创草坪,1676576.27613,16765762761.3
688757,胜科纳米,1675759.22433,16757592243.300001
688690,纳微科技,1674619.830455,16746198304.550001
000778,新兴铸管,1672462.92427,16724629242.7
600739,辽宁成大,1668913.409256,16689134092.560001
600763,通策医疗,1668388.40641,16683884064.1
000680,山推股份,1666658.441932,16666584419.32
688507,索辰科技,1666334.2608,16663342608.0
002943,宇晶股份,1665585.4716,16655854716.0
002706,良信股份,1664471.27964,16644712796.400002
301031,中熔电气,1664131.786045,16641317860.449999
300455,航天智装,1661632.77184,16616327718.400002
300576,容大感光,1661476.93902,16614769390.199999
300761,立华股份,1660305.698103,16603056981.029999
600528,中铁工业,1659499.036236,16594990362.36
688131,皓元医药,1657804.832736,16578048327.359999
000620,盈新发展,1655851.84128,16558518412.800001
601068,中铝国际,1655261.291918,16552612919.18
603505,金石资源,1654720.886358,16547208863.580002
600779,水井坊,1654585.854012,16545858540.119999
002906,华阳集团,1652445.141068,16524451410.68
688759,必贝特,1650284.421219,16502844212.189999
300133,华策影视,1642795.75347,16427957534.7
300146,汤臣倍健,1642618.397101,16426183971.01
002508,老板电器,1642303.836008,16423038360.08
688116,天奈科技,1642063.58848,16420635884.8
301312,智立方,1641027.847704,16410278477.04
603991,至正股份,1640865.83395,16408658339.499998
002984,森麒麟,1640442.116793,16404421167.929998
600531,豫光金铅,1638550.95579,16385509557.9
600651,飞乐音响,1637089.293795,16370892937.95
603868,飞科电器,1633500.0,16335000000.0
002745,木林森,1632583.0389,16325830389.0
603162,海通发展,1631376.49158,16313764915.8
603938,三孚股份,1629980.35722,16299803572.199999
002936,郑州银行,1627484.353082,16274843530.82
001369,双欣材料,1626446.0,16264460000.0
688698,伟创电气,1624218.831886,16242188318.86
300489,光智科技,1623693.61878,16236936187.8
605389,DR长龄液,1623630.739588,16236307395.880001
600867,通化东宝,1621673.462412,16216734624.119999
688661,XD和林微,1616845.90777,16168459077.699999
600345,长江通信,1616417.895328,16164178953.279999
002410,广联达,1615601.566476,16156015664.76
000927,中国铁物,1615444.422147,16154444221.47
301658,首航新能,1613608.251255,16136082512.55
600589,大位科技,1612351.50054,16123515005.4
300065,海兰信,1609753.86596,16097538659.6
300777,中简科技,1603613.387439,16036133874.39
300002,神州泰岳,1603246.70079,16032467007.9
601921,浙版传媒,1600000.00056,16000000005.6
600783,鲁信创投,1599628.122806,15996281228.060001
688258,卓易信息,1597866.10603,15978661060.3
603317,天味食品,1593878.046618,15938780466.179998
688515,裕太微,1592000.0,15920000000.0
688401,路维光电,1590293.016375,15902930163.749998
300957,贝泰妮,1590194.4,15901944000.0
601811,新华文轩,1589187.208,15891872080.000002
002958,青农商行,1588908.261226,15889082612.26
603858,步长制药,1588180.073652,15881800736.519999
002539,云图控股,1588156.74703,15881567470.3
002565,顺灏股份,1587863.405156,15878634051.560001
000767,晋控电力,1584625.242785,15846252427.85
600821,金开新能,1583696.587165,15836965871.65
000762,西藏矿业,1582769.67036,15827696703.6
600761,安徽合力,1580088.958014,15800889580.14
301292,海科新源,1579844.861798,15798448617.980001
601965,中国汽研,1576802.282364,15768022823.640001
600633,浙数文化,1572412.34528,15724123452.8
002925,盈趣科技,1565716.508537,15657165085.37
600113,浙江东日,1561723.05528,15617230552.8
002847,盐津铺子,1560717.492917,15607174929.17
002583,海能达,1560375.428898,15603754288.98
300607,拓斯达,1557314.92518,15573149251.800001
603936,博敏电子,1556579.385648,15565793856.480001
300007,汉威科技,1556021.581488,15560215814.88
301371,敷尔佳,1555631.064,15556310640.0
601619,嘉泽新能,1552528.260335,15525282603.35
603355,莱克电气,1552185.023906,15521850239.06
002897,意华股份,1550851.687304,15508516873.039999
001308,康冠科技,1550409.022782,15504090227.82
300182,捷成股份,1550346.517824,15503465178.24
002946,新乳业,1549218.9546,15492189546.0
603297,永新光学,1548454.4586,15484544586.0
600850,电科数字,1547452.135775,15474521357.75
688319,欧林生物,1547373.7446,15473737446.0
600928,西安银行,1546666.66686,15466666668.6
301589,诺瓦星云,1545915.456,15459154560.0
601101,昊华能源,1543677.776672,15436777766.720001
601133,柏诚股份,1542869.834928,15428698349.28
688811,有研复材,1542646.335375,15426463353.75
002544,普天科技,1541409.26085,15414092608.5
000901,航天科技,1539730.512174,15397305121.74
300676,华大基因,1536478.616475,15364786164.75
605118,力鼎光电,1533607.185,15336071850.0
000422,湖北宜化,1530231.689784,15302316897.84
002607,中公教育,1529515.048472,15295150484.720001
300843,胜蓝股份,1529355.128688,15293551286.88
002643,万润股份,1529343.435825,15293434358.25
000563,陕国投Ａ,1529077.137042,15290771370.42
688383,新益昌,1529068.2995,15290682995.0
688233,神工股份,1528323.674864,15283236748.64
920808,曙光数创,1526800.007634,15268000076.34
003018,金富科技,1526460.0,15264600000.0
688029,南微医学,1525508.914062,15255089140.62
300322,硕贝德,1525026.477195,15250264771.95
600750,华润江中,1524836.280311,15248362803.11
600456,宝钛股份,1519810.351559,15198103515.59
300113,顺网科技,1516194.570618,15161945706.18
002759,天际股份,1515679.614915,15156796149.15
002372,伟星新材,1514028.126588,15140281265.88
300229,拓尔思,1513985.075156,15139850751.56
600475,华光环能,1511381.817549,15113818175.49
603093,南华期货,1510093.174872,15100931748.72
300428,立中集团,1508964.998153,15089649981.529999
300855,图南股份,1508952.6725,15089526725.000002
301678,新恒汇,1508001.664765,15080016647.650002
600872,中炬高新,1507193.865408,15071938654.08
002010,传化智联,1506396.84486,15063968448.6
601369,陕鼓动力,1506316.706008,15063167060.08
002361,神剑股份,1505488.355927,15054883559.27
688327,云从科技,1503818.25696,15038182569.599998
301603,乔锋智能,1503703.52,15037035200.0
002881,美格智能,1503696.3383,15036963383.0
000069,华侨城Ａ,1503060.755911,15030607559.11
600710,苏美达,1502761.8491,15027618491.0
301629,矽电股份,1502181.864,15021818640.0
301216,万凯新材,1502134.426533,15021344265.33
300034,钢研高纳,1499084.700003,14990847000.03
002182,宝武镁业,1498597.036583,14985970365.830002
002408,齐翔腾达,1495340.576482,14953405764.82
002782,可立克,1494835.535182,14948355351.82
000880,潍柴重机,1494520.96248,14945209624.8
000070,特发信息,1494504.265229,14945042652.29
301363,美好医疗,1493855.71868,14938557186.8
688185,康希诺,1491897.514239,14918975142.39
301039,中集车辆,1491803.03832,14918030383.2
600258,首旅酒店,1491781.776336,14917817763.36
301529,福赛科技,1490008.050288,14900080502.88
600764,中国海防,1488057.934284,14880579342.84
601019,山东出版,1487959.7,14879597000.0
601083,锦江航运,1486943.88,14869438799.999998
688059,华锐精密,1486603.266624,14866032666.24
002911,佛燃能源,1486411.32535,14864113253.5
688612,威迈斯,1486021.80741,14860218074.099998
600056,中国医药,1485408.589764,14854085897.64
300990,同飞股份,1482735.6694,14827356694.0
600167,联美控股,1482160.503265,14821605032.65
688125,安达智能,1481313.083172,14813130831.72
301150,中一科技,1480099.581582,14800995815.82
002208,合肥城建,1478057.08496,14780570849.599998
601568,北元化工,1477666.667328,14776666673.28
300682,朗新科技,1475026.603128,14750266031.279999
002755,奥赛康,1474846.797739,14748467977.390001
300863,卡倍亿,1473416.79588,14734167958.800001
600184,光电股份,1472552.311636,14725523116.359999
603267,鸿远电子,1471754.201148,14717542011.480001
002563,森马服饰,1470973.22736,14709732273.599998
600702,XD舍得酒,1468464.933027,14684649330.269999
301232,飞沃科技,1467303.946025,14673039460.25
000553,安道麦A,1465451.600814,14654516008.14
601038,一拖股份,1464109.793325,14641097933.25
000785,居然智家,1463356.47129,14633564712.9
301267,华厦眼科,1462440.0,14624400000.0
603515,欧普照明,1461146.827734,14611468277.34
300868,杰美特,1458652.8,14586528000.0
301510,固高科技,1457236.43,14572364300.0
002399,海普瑞,1452623.24196,14526232419.6
300613,富瀚微,1452012.918048,14520129180.48
000065,北方国际,1451802.69875,14518026987.5
301500,飞南资源,1450398.119743,14503981197.43
002081,金 螳 螂,1449806.734194,14498067341.94
002031,巨轮智能,1449401.74653,14494017465.3
603014,威高血净,1448771.100888,14487711008.880001
002416,爱施德,1448720.431214,14487204312.140001
300529,健帆生物,1447871.363575,14478713635.75
002091,江苏国泰,1447039.1684,14470391684.0
000905,厦门港务,1446684.822394,14466848223.939999
688182,灿勤科技,1444000.0,14440000000.0
000612,焦作万方,1442561.26674,14425612667.400002
000550,江铃汽车,1442430.594,14424305940.0
000035,中国天楹,1442371.792476,14423717924.76
000410,沈阳机床,1441095.716896,14410957168.960001
688190,云路股份,1437600.0,14376000000.0
300601,康泰生物,1436372.315646,14363723156.46
300573,兴齐眼药,1436080.389466,14360803894.66
002324,普利特,1434913.75992,14349137599.2
688605,先锋精科,1434670.799184,14346707991.839998
688062,迈威生物,1434450.6722,14344506722.0
688790,昂瑞微,1434152.092392,14341520923.919998
605296,神农集团,1432082.096722,14320820967.220001
002366,融发核电,1429604.15868,14296041586.800001
002385,大北农,1427626.08358,14276260835.800001
002338,奥普光电,1427280.0,14272800000.0
600827,百联股份,1425550.325483,14255503254.83
600621,华鑫股份,1423726.849864,14237268498.64
688353,华盛锂电,1422740.0,14227400000.0
600675,中华企业,1420841.802785,14208418027.85
002169,智光电气,1419825.226516,14198252265.16
920116,星图测控,1418162.9,14181629000.0
002655,共达电声,1417191.552,14171915520.0
000970,中科三环,1416320.525545,14163205255.45
300446,航天智造,1416061.935925,14160619359.250002
300820,英杰电气,1415751.66096,14157516609.6
603626,科森科技,1413278.57043,14132785704.300001
600022,山东钢铁,1412248.141128,14122481411.28
301155,海力风电,1411305.475176,14113054751.76
600366,宁波韵升,1410069.668433,14100696684.330002
300861,美畅股份,1409521.24312,14095212431.2
688660,电气风电,1406666.737,14066667370.0
002226,江南化工,1406578.036005,14065780360.05
003036,泰坦股份,1403081.909606,14030819096.06
000552,甘肃能化,1402175.45926,14021754592.599998
300775,三角防务,1401182.919435,14011829194.35
002413,雷科防务,1401139.84995,14011398499.5
600271,航天信息,1400780.786328,14007807863.28
688106,金宏气体,1395748.403016,13957484030.16
000700,模塑科技,1395383.39128,13953833912.800001
002400,省广集团,1394669.7024,13946697024.0
603194,中力股份,1393876.0,13938760000.0
603989,艾华集团,1392938.05098,13929380509.800001
002741,光华科技,1392741.81845,13927418184.499998
688691,灿芯股份,1392000.0,13920000000.0
300331,苏大维格,1391010.866102,13910108661.02
000799,酒鬼酒,1389721.24746,13897212474.6
603103,横店影视,1388263.8,13882638000.0
002654,万润科技,1387986.777248,13879867772.48
000089,深圳机场,1386320.188084,13863201880.84
300459,汤姆猫,1385229.509966,13852295099.66
002967,广电计量,1384809.335696,13848093356.96
688031,星环科技,1384704.655796,13847046557.960001
300842,帝科股份,1383934.831818,13839348318.18
301021,英诺激光,1383167.226168,13831672261.679998
002139,拓邦股份,1382740.001692,13827400016.92
000506,招金黄金,1382378.428368,13823784283.68
300130,新国都,1381940.663628,13819406636.28
300009,安科生物,1381669.485516,13816694855.16
000681,视觉中国,1380137.54892,13801375489.199999
688153,唯捷创芯,1378292.564624,13782925646.240002
002690,美亚光电,1376277.084,13762770840.0
600480,凌云股份,1376227.974706,13762279747.06
300938,信测标准,1370884.43924,13708844392.4
600201,生物股份,1370785.069458,13707850694.579998
600720,中交设计,1369873.552305,13698735523.05
002990,盛视科技,1369748.533878,13697485338.78
301488,豪恩汽电,1368132.0,13681320000.0
301563,云汉芯城,1367438.079,13674380790.0
601096,宏盛华源,1367004.249968,13670042499.68
000980,众泰汽车,1366530.437269,13665304372.69
688359,三孚新科,1365165.482275,13651654822.75
002779,中坚科技,1360682.4,13606824000.0
600409,三友化工,1360406.286232,13604062862.32
600268,国电南自,1360250.971742,13602509717.42
002051,中工国际,1360169.807805,13601698078.050001
002297,博云新材,1357685.316211,13576853162.11
688663,新风光,1357165.8378,13571658378.000002
300910,瑞丰新材,1356271.379074,13562713790.74
000810,创维数字,1354930.392062,13549303920.62
002283,天润工业,1354814.584642,13548145846.42
601827,三峰环境,1354265.973,13542659730.0
600397,江钨装备,1354265.118576,13542651185.76
000012,南 玻Ａ,1353898.620895,13538986208.949999
600509,天富能源,1352407.048488,13524070484.88
002121,科陆电子,1350442.11528,13504421152.800001
002011,盾安环境,1349794.486584,13497944865.84
002698,博实股份,1348758.717425,13487587174.25
300850,新强联,1346193.049585,13461930495.849998
300739,明阳电路,1344065.110043,13440651100.43
603281,江瀚新材,1343626.669066,13436266690.66
000758,中色股份,1343546.95275,13435469527.5
300005,探路者,1342343.620534,13423436205.34
600916,中国黄金,1340640.0,13406400000.0
002507,涪陵榨菜,1338546.07248,13385460724.800001
002867,周大生,1338389.310069,13383893100.69
000727,冠捷科技,1336222.2591,13362222591.0
300045,华力创通,1335290.60054,13352906005.4
605123,派克新材,1334939.717164,13349397171.64
000801,四川九洲,1333418.083808,13334180838.08
000719,中原传媒,1330164.8737,13301648737.000002
002250,联化科技,1330012.614726,13300126147.26
000006,深振业Ａ,1329745.12031,13297451203.099998
688262,国芯科技,1326863.656437,13268636564.37
002373,千方科技,1324197.72417,13241977241.7
603220,中贝通信,1323167.854107,13231678541.07
300580,贝斯特,1322615.832346,13226158323.460001
300468,四方精创,1321847.344025,13218473440.25
603589,口子窖,1321844.03312,13218440331.2
688611,杭州柯林,1317770.0536,13177700536.0
301566,达利凯普,1317632.94,13176329400.0
300303,聚飞光电,1317629.14011,13176291401.1
603556,海兴电力,1317289.63653,13172896365.3
601222,林洋能源,1316587.00062,13165870006.2
600545,卓郎智能,1315903.395392,13159033953.92
300353,东土科技,1315870.76534,13158707653.4
000156,华数传媒,1313729.101378,13137291013.78
600461,洪城环境,1313691.164478,13136911644.78
300328,宜安科技,1312495.2636,13124952636.0
301382,蜂助手,1312303.984285,13123039842.85
603707,健友股份,1311908.62824,13119086282.4
002931,锋龙股份,1309724.100864,13097241008.64
603992,松霖科技,1309631.61992,13096316199.199999
600063,皖维高新,1307675.275768,13076752757.679998
605222,起帆电缆,1306839.029955,13068390299.55
603185,弘元绿能,1306042.845424,13060428454.24
002885,京泉华,1303381.533048,13033815330.48
300263,隆华科技,1302037.927916,13020379279.16
000028,国药一致,1301249.150026,13012491500.26
002647,仁东控股,1300965.697207,13009656972.070002
688312,燕麦科技,1300628.26224,13006282622.400002
002733,雄韬股份,1298646.40594,12986464059.4
002978,安宁股份,1298444.374458,12984443744.58
601512,中新集团,1296539.85,12965398500.0
600648,外高桥,1295996.343754,12959963437.54
300319,麦捷科技,1294103.776392,12941037763.92
600986,浙文互联,1294015.43394,12940154339.4
600446,金证股份,1291418.981188,12914189811.88
300790,宇瞳光学,1291084.603431,12910846034.31
601033,永兴股份,1290600.0,12906000000.0
300222,科大智能,1290390.285972,12903902859.720001
301373,凌玮科技,1286478.99926,12864789992.6
600163,中闽能源,1284522.396525,12845223965.25
002060,广东建工,1284002.488764,12840024887.64
688231,隆达股份,1283904.000743,12839040007.43
000555,神州信息,1281191.835781,12811918357.810001
600116,三峡水利,1281135.74568,12811357456.8
002150,正泰电源,1280001.644241,12800016442.41
001330,博纳影业,1279677.174104,12796771741.039999
300139,晓程科技,1279306.0,12793060000.0
300276,三丰智能,1279152.24987,12791522498.699999
688016,心脉医疗,1278721.201758,12787212017.58
000061,农 产 品,1278315.011512,12783150115.12
000998,隆平高科,1276950.365009,12769503650.09
601330,绿色动力,1276081.539912,12760815399.12
300070,碧水源,1275721.695776,12757216957.759998
603927,中科软,1275646.4,12756464000.0
600064,南京高科,1275260.317628,12752603176.279999
605060,联德股份,1274897.008,12748970080.0
002701,奥瑞金,1274760.713562,12747607135.62
605255,天普股份,1273491.84,12734918400.0
600155,华创云信,1272786.924275,12727869242.750002
002541,鸿路钢构,1272393.842932,12723938429.32
688378,奥来德,1272356.273188,12723562731.880001
688091,上海谊众,1271640.79328,12716407932.800001
600666,奥瑞德,1271168.696028,12711686960.28
600481,双良节能,1269471.66063,12694716606.300001
603800,洪田股份,1269008.0,12690080000.0
688222,成都先导,1268152.2,12681522000.0
688020,方邦股份,1267801.932,12678019320.0
600717,天津港,1267572.454644,12675724546.439999
688371,菲沃泰,1263724.365052,12637243650.519999
002096,易普力,1262768.70386,12627687038.6
002348,高乐股份,1259776.0,12597760000.0
300846,首都在线,1259251.624064,12592516240.640001
301413,安培龙,1257872.574255,12578725742.550001
300618,寒锐钴业,1256441.098187,12564410981.87
002796,世嘉科技,1255777.933248,12557779332.48
301246,宏源药业,1255621.3452,12556213452.000002
603888,新华网,1255012.99248,12550129924.8
301061,匠心家居,1254477.906231,12544779062.310001
603328,依顿电子,1254043.919416,12540439194.16
301421,波长光电,1253457.376,12534573760.0
000099,中信海直,1252868.771255,12528687712.550001
600755,厦门国贸,1252645.962842,12526459628.42
603248,锡华科技,1252580.0,12525800000.0
300480,光力科技,1252463.0558,12524630558.0
600211,西藏药业,1251565.438068,12515654380.679998
301293,三博脑科,1251370.946025,12513709460.25
000690,宝新能源,1251135.52065,12511355206.5
300772,运达股份,1251087.85095,12510878509.500002
603778,国晟科技,1249459.73316,12494597331.6
300499,高澜股份,1249077.123888,12490771238.88
000899,赣能股份,1248867.5328,12488675328.0
002276,万马股份,1246656.024918,12466560249.18
600529,山东药玻,1246267.304214,12462673042.14
002987,京北方,1246019.761854,12460197618.539999
688191,智洋创新,1245707.54139,12457075413.9
688239,航宇科技,1244824.62226,12448246222.6
600391,航发科技,1244587.71359,12445877135.900002
603303,得邦照明,1243871.4516,12438714516.0
002246,北化股份,1243014.773616,12430147736.16
688306,均普智能,1241793.9108,12417939108.0
603218,日月股份,1241561.20625,12415612062.5
605599,菜百股份,1241333.3688,12413333688.0
603078,江化微,1240209.389568,12402093895.68
688610,埃科光电,1237600.0,12376000000.0
002254,泰和新材,1237590.572252,12375905722.52
300469,信息发展,1236725.821168,12367258211.68
605507,国邦医药,1235558.7585,12355587585.0
300151,昌红科技,1235421.95184,12354219518.4
600859,王府井,1235200.634976,12352006349.76
300315,掌趣科技,1234670.617368,12346706173.68
600006,东风股份,1234000.0,12340000000.0
688337,普源精电,1233816.789788,12338167897.880001
600267,海正药业,1233525.270684,12335252706.84
920178,锐翔智能,1233041.9651,12330419651.0
000837,秦川机床,1232890.733585,12328907335.85
301662,宏工科技,1232720.0,12327200000.0
300720,海川智能,1232598.6442,12325986442.0
688032,禾迈股份,1232546.59603,12325465960.3
600590,泰豪科技,1232396.78875,12323967887.5
300976,达瑞电子,1231881.328176,12318813281.759998
300376,易事特,1231639.211804,12316392118.039999
600216,浙江医药,1230896.32,12308963200.0
300042,朗科科技,1230656.4,12306564000.0
002079,苏州固锝,1229603.041342,12296030413.42
300049,福瑞医科,1228958.2242,12289582242.0
605318,法狮龙,1228875.519672,12288755196.720001
002251,步步高,1228735.757873,12287357578.730001
002268,电科网安,1228709.228599,12287092285.99
002019,亿帆医药,1228553.98585,12285539858.5
301015,百洋医药,1228383.467949,12283834679.49
002585,双星新材,1226921.8079,12269218078.999998
600285,羚锐制药,1225536.565246,12255365652.46
300905,宝丽迪,1225362.43912,12253624391.2
000536,华映科技,1225352.531729,12253525317.289999
600618,氯碱化工,1224627.574584,12246275745.84
600611,大众交通,1222251.520688,12222515206.88
688351,微电生理,1217912.8,12179128000.0
603882,金域医学,1216979.488425,12169794884.250002
002970,锐明技术,1216882.31292,12168823129.199999
600420,国药现代,1216443.631644,12164436316.44
301458,钧崴电子,1215733.4853,12157334853.0
688321,微芯生物,1215430.891528,12154308915.279999
300900,广联航空,1214859.278138,12148592781.380001
300674,宇信科技,1213090.31438,12130903143.800001
688596,XD正帆科,1213000.033956,12130000339.560001
600376,首开股份,1212395.66374,12123956637.4
600683,京投发展,1210430.593498,12104305934.98
600315,上海家化,1210006.764,12100067640.0
601026,道生天合,1209339.6,12093396000.0
002287,奇正藏药,1206597.290127,12065972901.27
688198,佰仁医疗,1204607.423085,12046074230.849998
300444,双杰电气,1204516.27473,12045162747.3
601952,苏垦农发,1204372.0,12043720000.0
600248,陕建股份,1204194.762092,12041947620.920002
301326,捷邦科技,1203345.9984,12033459984.0
001227,兰州银行,1201792.102448,12017921024.480001
002597,金禾实业,1201428.222092,12014282220.92
603040,新坐标,1201084.796592,12010847965.92
600403,大有能源,1197797.013402,11977970134.02
301487,盟固利,1197300.82099,11973008209.9
002458,益生股份,1196477.380604,11964773806.04
301078,孩子王,1196353.768896,11963537688.96
600559,老白干酒,1194660.161864,11946601618.64
688508,芯朋微,1194034.259882,11940342598.82
600908,无锡银行,1193906.84208,11939068420.800001
603406,天富龙,1192829.82,11928298200.0
603376,大明电子,1192402.981,11924029810.0
301631,壹连科技,1191406.22114,11914062211.4
000869,张 裕Ａ,1190919.111936,11909191119.359999
002092,中泰化学,1188818.958303,11888189583.03
002635,安洁科技,1188755.570352,11887555703.52
002387,维信诺,1188673.432593,11886734325.929998
000839,国安股份,1187707.384656,11877073846.56
600383,金地集团,1187335.479436,11873354794.36
300224,正海磁材,1186643.031675,11866430316.75
920125,鸿仕达,1184976.0,11849760000.0
300624,万兴科技,1184958.329796,11849583297.96
301248,杰创智能,1184758.14,11847581399.999998
605598,上海港湾,1184706.943875,11847069438.750002
300035,中科电气,1184417.287488,11844172874.88
300634,彩讯股份,1183977.4016,11839774016.0
000567,海德股份,1182528.253775,11825282537.750002
603712,七一二,1179616.0,11796160000.0
300304,云意电气,1179347.013274,11793470132.74
002204,大连重工,1178135.71952,11781357195.2
300357,我武生物,1178064.0,11780640000.0
000990,诚志股份,1177565.171415,11775651714.15
601882,海天精工,1177110.0,11771100000.0
000949,新乡化纤,1174742.044698,11747420446.98
002426,胜利精密,1173905.94102,11739059410.2
603112,华翔股份,1173876.085774,11738760857.74
000403,派林生物,1173740.77171,11737407717.1
301188,力诺药包,1173415.59339,11734155933.9
600996,贵广网络,1173238.662614,11732386626.14
605168,三人行,1172142.44216,11721424421.6
002063,远光软件,1172033.529804,11720335298.039999
002639,雪人集团,1171548.638848,11715486388.48
000599,青岛双星,1170907.239216,11709072392.16
688035,德邦科技,1170635.2,11706352000.0
301307,美利信,1170514.8,11705148000.0
300053,航宇微,1170051.988317,11700519883.17
002354,天娱数科,1169792.17474,11697921747.4
000510,新金路,1167378.4602,11673784602.0
605006,山东玻纤,1165607.95953,11656079595.300001
603619,中曼石油,1165555.260181,11655552601.81
603393,新天然气,1164935.806596,11649358065.96
001237,C惠康,1164558.7255,11645587255.0
600395,盘江股份,1163470.692548,11634706925.48
300687,赛意信息,1162339.44206,11623394420.6
600864,哈投股份,1160958.35016,11609583501.599998
601163,三角轮胎,1160800.0,11608000000.0
002020,京新药业,1158945.22244,11589452224.4
603931,格林达,1157638.16238,11576381623.800001
300731,科创新源,1155895.106912,11558951069.12
002216,三全食品,1155247.839072,11552478390.72
920068,天工股份,1153200.426385,11532004263.85
601678,滨化股份,1151828.31456,11518283145.6
301189,奥尼电子,1149997.0742,11499970742.0
000815,美利云,1148574.53382,11485745338.2
603300,海南华铁,1146880.188575,11468801885.75
603915,国茂股份,1146754.21816,11467542181.599998
002718,友邦吊顶,1146131.077966,11461310779.66
688261,东微半导,1145830.8663,11458308663.000002
301087,可孚医疗,1143628.656,11436286560.0
300204,舒泰神,1142831.95156,11428319515.6
601005,重庆钢铁,1141877.525943,11418775259.43
301109,军信股份,1141039.817532,11410398175.32
300129,泰胜风能,1139901.13586,11399011358.6
002174,游族网络,1138540.343654,11385403436.539999
605488,福莱新材,1137491.737728,11374917377.279999
301667,纳百川,1136684.8584,11366848584.0
600458,时代新材,1135519.2944,11355192944.0
300008,天海防务,1135315.140381,11353151403.81
603533,掌阅科技,1134548.318475,11345483184.75
300185,通裕重工,1134168.22385,11341682238.5
688382,益方生物,1134141.390851,11341413908.51
000922,佳电股份,1132547.805872,11325478058.720001
603456,九洲药业,1131375.347616,11313753476.160002
301306,西测测试,1130706.8,11307068000.0
002832,比音勒芬,1130570.733404,11305707334.04
301571,国科天成,1130383.2204,11303832204.0
603039,泛微网络,1128728.026674,11287280266.740002
002170,芭田股份,1128519.035241,11285190352.409998
603538,美诺华,1128075.969808,11280759698.08
688543,国科军工,1127496.338067,11274963380.67
603319,美湖股份,1126994.379994,11269943799.94
002315,焦点科技,1125870.09717,11258700971.699999
688160,步科股份,1125683.528958,11256835289.58
603163,圣晖集成,1123800.0,11238000000.0
688112,鼎阳科技,1121327.699958,11213276999.580002
002292,奥飞娱乐,1119375.670629,11193756706.29
688155,先惠技术,1115797.7706,11157977706.0
002549,凯美特气,1115338.033204,11153380332.039999
301191,菲菱科思,1114325.94,11143259400.0
603823,百合花,1113783.6082,11137836081.999998
300382,斯莱克,1113302.789698,11133027896.980001
300415,伊之密,1112366.387416,11123663874.16
688381,帝奥微,1111275.0,11112750000.0
002342,巨力索具,1109760.0,11097600000.0
600903,贵州燃气,1109759.07872,11097590787.2
601339,百隆东方,1108181.491,11081814910.0
600507,方大特钢,1108016.99931,11080169993.1
603919,金徽酒,1107348.573451,11073485734.51
688552,航天南湖,1104487.2,11044872000.0
300617,安靠智电,1102453.088592,11024530885.92
603262,技源集团,1100827.52,11008275200.0
300244,迪安诊断,1100588.786796,11005887867.960001
688209,英集芯,1097907.428019,10979074280.19
600058,五矿发展,1097636.568064,10976365680.64
603057,紫燕食品,1095920.0,10959200000.0
300520,科大国创,1094532.255464,10945322554.64
000917,电广传媒,1094353.492936,10943534929.36
600326,西藏天路,1094058.931669,10940589316.69
300768,迪普科技,1093865.537261,10938655372.609999
688090,瑞松科技,1093498.891904,10934988919.039999
600639,浦东金桥,1093230.157782,10932301577.82
301387,光大同创,1092877.874552,10928778745.52
000420,吉林化纤,1091737.544292,10917375442.919998
688443,智翔金泰,1090873.0,10908730000.0
301207,华兰疫苗,1090864.9125,10908649125.0
688486,龙迅股份,1088272.64533,10882726453.3
603859,能科科技,1087191.885543,10871918855.43
601801,皖新传媒,1086651.836535,10866518365.35
001212,中旗新材,1086186.76772,10861867677.199999
605133,嵘泰股份,1086116.312832,10861163128.32
603196,璞源材料,1086075.21936,10860752193.6
301630,同宇新材,1086000.0,10860000000.0
002807,江阴银行,1085474.219949,10854742199.49
300671,富满微,1084793.654,10847936540.000002
603033,三维股份,1084784.058808,10847840588.08
920438,戈碧迦,1083934.225,10839342250.0
301225,恒勃股份,1083422.4,10834224000.0
688161,威高骨科,1083200.0,10832000000.0
300595,欧普康视,1081509.260584,10815092605.84
002034,旺能环境,1081222.122458,10812221224.58
301263,泰恩康,1080338.1525,10803381525.0
603235,天新药业,1080003.26,10800032600.0
002380,科远智慧,1079962.4205,10799624205.0
688139,海尔生物,1076708.920644,10767089206.439999
002730,电光科技,1076463.48324,10764634832.4
002043,兔 宝 宝,1075361.80608,10753618060.8
688439,振华风光,1075000.0,10750000000.0
603327,福蓉科技,1072641.30336,10726413033.6
002557,洽洽食品,1071907.177276,10719071772.759998
301665,泰禾股份,1071900.0,10719000000.0
600360,华微电子,1071689.559264,10716895592.640001
000031,大悦城,1071578.33475,10715783347.5
600198,大唐电信,1071562.110702,10715621107.02
688326,经纬恒润,1071312.65472,10713126547.2
300393,中来股份,1071103.692914,10711036929.14
002077,大港股份,1070743.006485,10707430064.85
601022,宁波远洋,1070462.067212,10704620672.12
600389,江山股份,1070165.25,10701652500.0
603690,至纯科技,1070002.1145,10700021145.0
600728,佳都科技,1068432.229761,10684322297.61
301600,慧翰股份,1067916.5995,10679165995.0
603075,热威股份,1067385.210372,10673852103.72
002440,闰土股份,1066675.909845,10666759098.449999
002588,史丹利,1065500.0815,10655000815.0
300337,银邦股份,1065243.514176,10652435141.759998
002309,中利集团,1064713.54629,10647135462.9
301317,鑫磊股份,1064647.87,10646478700.000002
301090,华润材料,1063117.149572,10631171495.72
600572,康恩贝,1063000.188929,10630001889.289999
688416,恒烁股份,1062804.841956,10628048419.560001
603612,索通发展,1062456.811047,10624568110.470001
002221,东华能源,1062310.114958,10623101149.58
002003,伟星股份,1060489.570476,10604895704.76
002785,万里石,1060353.552905,10603535529.050001
002036,联创电子,1059713.252112,10597132521.12
688165,埃夫特,1058691.62,10586916200.000002
300893,松原安全,1058576.833308,10585768333.079998
002961,瑞达期货,1057361.420961,10573614209.61
301522,上大股份,1057216.934281,10572169342.81
000401,金隅冀东,1055312.242295,10553122422.95
002488,金固股份,1055165.4089,10551654089.0
301177,迪阿股份,1054323.1647,10543231647.0
300819,聚杰微纤,1052342.865,10523428650.0
603099,长白山,1051838.33132,10518383313.2
603169,兰石重装,1051564.89739,10515648973.9
002053,云南能投,1051473.047888,10514730478.880001
688556,高测股份,1050929.02651,10509290265.1
688586,江航装备,1050898.399168,10508983991.68
300377,赢时胜,1049151.30276,10491513027.6
688138,清溢光电,1048598.8,10485988000.0
002842,翔鹭钨业,1048587.61251,10485876125.099998
688518,联赢激光,1047868.04165,10478680416.5
000828,东莞控股,1046793.610944,10467936109.439999
601886,江河集团,1045760.90138,10457609013.800001
603985,恒润股份,1045274.325113,10452743251.13
002580,圣阳股份,1045260.290879,10452602908.789999
601828,美凯龙,1044885.08952,10448850895.2
603202,天有为,1044160.0,10441600000.0
601311,骆驼股份,1044100.04502,10441000450.199999
300596,利安隆,1044080.625849,10440806258.49
300191,潜能恒信,1043200.0,10432000000.0
002985,北摩高科,1043015.8648,10430158648.0
688128,中国电研,1041183.0,10411830000.0
601900,南方传媒,1039842.740826,10398427408.26
002675,东诚药业,1039815.184005,10398151840.050001
000923,河钢资源,1039797.234873,10397972348.73
600094,大名城,1036927.72007,10369277200.7
002277,友阿股份,1035870.3904,10358703904.0
600037,歌华有线,1035482.745696,10354827456.960001
002243,力合科创,1035066.607245,10350666072.449999
601929,吉视传媒,1032977.297728,10329772977.28
001208,华菱线缆,1032212.648544,10322126485.44
002062,宏润建设,1031883.921426,10318839214.26
000761,本钢板材,1031168.3655,10311683655.0
300031,宝通科技,1030535.616395,10305356163.95
301551,无线传媒,1030425.76,10304257600.0
300137,先河环保,1030237.8432,10302378432.0
600367,红星发展,1030215.32404,10302153240.4
603897,长城科技,1030114.04819,10301140481.9
002839,张家港行,1029069.234054,10290692340.54
688628,优利德,1028261.8096,10282618096.0
600993,马应龙,1026770.368362,10267703683.619999
301013,利和兴,1026365.758896,10263657588.96
002115,三维通信,1025904.03498,10259040349.8
603583,捷昌驱动,1025764.969345,10257649693.45
600158,中体产业,1025719.468623,10257194686.23
600185,珠免集团,1025443.15248,10254431524.800001
600373,中文传媒,1025339.985159,10253399851.59
600662,外服控股,1025272.361375,10252723613.75
002471,中超控股,1022463.72,10224637200.0
001233,海安集团,1022295.416998,10222954169.98
300101,振芯科技,1022230.26,10222302600.0
601003,柳钢股份,1022078.047148,10220780471.48
601200,上海环境,1020442.530258,10204425302.58
603599,广信股份,1020411.935745,10204119357.45
002272,川润股份,1019696.9619,10196969619.0
688226,威腾电气,1019387.808,10193878080.0
600328,中盐化工,1019085.125435,10190851254.35
603125,常青科技,1018568.3195,10185683195.0
603011,合锻智能,1017999.325783,10179993257.83
600787,中储股份,1017767.323958,10177673239.58
688260,昀冢科技,1017240.0,10172400000.0
600775,南京熊猫,1017102.282777,10171022827.77
688583,思看科技,1016600.0,10166000000.0
600478,科力远,1015979.95876,10159799587.6
603027,千禾味业,1015841.563944,10158415639.44
002167,东方锆业,1015596.6963,10155966963.0
603118,共进股份,1015586.56374,10155865637.4
000049,德赛电池,1013907.175624,10139071756.24
002579,中京电子,1013271.19748,10132711974.8
000950,重药控股,1012716.231856,10127162318.56
688376,美埃科技,1012360.80084,10123608008.4
002668,TCL智家,1011475.962324,10114759623.24
688083,中望软件,1011091.62616,10110916261.6
605298,必得科技,1010633.0,10106330000.0
300327,中颖电子,1010114.338948,10101143389.48
002705,新宝股份,1009161.59454,10091615945.4
600686,金龙汽车,1008885.715719,10088857157.19
300378,鼎捷数智,1008815.04845,10088150484.5
002681,奋达科技,1008594.554384,10085945543.84
688478,晶升股份,1007858.643264,10078586432.64
600724,宁波富达,1007333.026487,10073330264.87
002761,浙江建投,1006902.49504,10069024950.4
301680,固德电材,1005606.0,10056060000.0
301050,雷电微力,1005411.899457,10054118994.57
001914,招商积余,1005248.744532,10052487445.32
603890,春秋电子,1003084.860245,10030848602.45
600210,紫江企业,1002562.600438,10025626004.380001
002392,北京利尔,1002393.286438,10023932864.380001
688697,纽威数控,1001560.1022,10015601022.0
002258,利尔化学,1000546.535,10005465350.0
301127,武汉天源,1000326.880028,10003268800.28
